Date,个人储蓄率(PSAVERT),零售销售额(RSAFS),汽车销量(TOTALSA)
1959-01-01,11.3,,
1959-02-01,10.6,,
1959-03-01,10.3,,
1959-04-01,11.2,,
1959-05-01,10.6,,
1959-06-01,10.5,,
1959-07-01,10.7,,
1959-08-01,9.6,,
1959-09-01,8.7,,
1959-10-01,9.4,,
1959-11-01,10.1,,
1959-12-01,11.0,,
1960-01-01,10.9,,
1960-02-01,10.6,,
1960-03-01,9.4,,
1960-04-01,8.4,,
1960-05-01,10.4,,
1960-06-01,10.4,,
1960-07-01,10.4,,
1960-08-01,10.3,,
1960-09-01,10.0,,
1960-10-01,9.8,,
1960-11-01,9.8,,
1960-12-01,10.4,,
1961-01-01,11.1,,
1961-02-01,11.1,,
1961-03-01,10.4,,
1961-04-01,10.6,,
1961-05-01,10.8,,
1961-06-01,11.5,,
1961-07-01,12.0,,
1961-08-01,11.7,,
1961-09-01,11.3,,
1961-10-01,11.7,,
1961-11-01,11.6,,
1961-12-01,11.6,,
1962-01-01,11.3,,
1962-02-01,11.8,,
1962-03-01,11.6,,
1962-04-01,11.7,,
1962-05-01,11.1,,
1962-06-01,11.5,,
1962-07-01,11.6,,
1962-08-01,11.4,,
1962-09-01,10.4,,
1962-10-01,11.3,,
1962-11-01,10.4,,
1962-12-01,10.3,,
1963-01-01,10.9,,
1963-02-01,10.7,,
1963-03-01,10.6,,
1963-04-01,10.7,,
1963-05-01,10.9,,
1963-06-01,10.5,,
1963-07-01,10.1,,
1963-08-01,10.2,,
1963-09-01,11.0,,
1963-10-01,11.5,,
1963-11-01,11.0,,
1963-12-01,10.7,,
1964-01-01,10.7,,
1964-02-01,10.4,,
1964-03-01,12.1,,
1964-04-01,12.4,,
1964-05-01,11.7,,
1964-06-01,11.5,,
1964-07-01,11.2,,
1964-08-01,11.1,,
1964-09-01,11.8,,
1964-10-01,11.2,,
1964-11-01,12.5,,
1964-12-01,12.5,,
1965-01-01,12.1,,
1965-02-01,10.7,,
1965-03-01,10.8,,
1965-04-01,10.2,,
1965-05-01,11.2,,
1965-06-01,12.1,,
1965-07-01,11.9,,
1965-08-01,11.7,,
1965-09-01,12.5,,
1965-10-01,10.9,,
1965-11-01,11.5,,
1965-12-01,11.7,,
1966-01-01,11.2,,
1966-02-01,11.0,,
1966-03-01,10.7,,
1966-04-01,10.3,,
1966-05-01,11.2,,
1966-06-01,11.4,,
1966-07-01,10.9,,
1966-08-01,11.2,,
1966-09-01,11.0,,
1966-10-01,11.6,,
1966-11-01,11.8,,
1966-12-01,11.6,,
1967-01-01,12.1,,
1967-02-01,12.6,,
1967-03-01,12.8,,
1967-04-01,11.9,,
1967-05-01,12.0,,
1967-06-01,11.9,,
1967-07-01,12.6,,
1967-08-01,12.6,,
1967-09-01,11.9,,
1967-10-01,12.9,,
1967-11-01,12.8,,
1967-12-01,11.8,,
1968-01-01,11.7,,
1968-02-01,12.3,,
1968-03-01,11.7,,
1968-04-01,12.3,,
1968-05-01,12.0,,
1968-06-01,11.7,,
1968-07-01,10.7,,
1968-08-01,10.5,,
1968-09-01,10.6,,
1968-10-01,10.8,,
1968-11-01,10.6,,
1968-12-01,11.1,,
1969-01-01,10.3,,
1969-02-01,9.7,,
1969-03-01,10.2,,
1969-04-01,9.7,,
1969-05-01,10.1,,
1969-06-01,11.1,,
1969-07-01,11.8,,
1969-08-01,11.5,,
1969-09-01,11.6,,
1969-10-01,11.4,,
1969-11-01,11.6,,
1969-12-01,11.8,,
1970-01-01,11.8,,
1970-02-01,11.7,,
1970-03-01,12.4,,
1970-04-01,13.3,,
1970-05-01,12.4,,
1970-06-01,12.3,,
1970-07-01,13.5,,
1970-08-01,13.4,,
1970-09-01,12.9,,
1970-10-01,13.1,,
1970-11-01,13.6,,
1970-12-01,13.2,,
1971-01-01,13.3,,
1971-02-01,13.3,,
1971-03-01,13.5,,
1971-04-01,13.2,,
1971-05-01,13.6,,
1971-06-01,14.7,,
1971-07-01,13.8,,
1971-08-01,13.6,,
1971-09-01,13.3,,
1971-10-01,13.3,,
1971-11-01,13.1,,
1971-12-01,13.0,,
1972-01-01,12.5,,
1972-02-01,12.8,,
1972-03-01,11.8,,
1972-04-01,11.5,,
1972-05-01,11.7,,
1972-06-01,11.7,,
1972-07-01,11.7,,
1972-08-01,12.0,,
1972-09-01,12.2,,
1972-10-01,13.0,,
1972-11-01,13.6,,
1972-12-01,13.7,,
1973-01-01,12.4,,
1973-02-01,12.5,,
1973-03-01,12.7,,
1973-04-01,13.2,,
1973-05-01,13.2,,
1973-06-01,13.6,,
1973-07-01,13.2,,
1973-08-01,13.9,,
1973-09-01,13.1,,
1973-10-01,14.4,,
1973-11-01,14.4,,
1973-12-01,14.8,,
1974-01-01,14.3,,
1974-02-01,14.2,,
1974-03-01,13.4,,
1974-04-01,13.1,,
1974-05-01,12.8,,
1974-06-01,12.8,,
1974-07-01,12.8,,
1974-08-01,12.1,,
1974-09-01,12.9,,
1974-10-01,13.4,,
1974-11-01,13.8,,
1974-12-01,14.0,,
1975-01-01,13.2,,
1975-02-01,12.5,,
1975-03-01,12.7,,
1975-04-01,14.2,,
1975-05-01,17.3,,
1975-06-01,14.3,,
1975-07-01,12.6,,
1975-08-01,13.0,,
1975-09-01,13.0,,
1975-10-01,13.4,,
1975-11-01,12.7,,
1975-12-01,12.0,,
1976-01-01,11.7,,12.814
1976-02-01,12.3,,13.34
1976-03-01,12.2,,13.378
1976-04-01,11.7,,13.223
1976-05-01,12.3,,12.962
1976-06-01,11.4,,13.051
1976-07-01,11.7,,13.466
1976-08-01,11.7,,12.953
1976-09-01,11.4,,13.61
1976-10-01,11.1,,12.823
1976-11-01,11.4,,13.332
1976-12-01,10.6,,14.527
1977-01-01,10.6,,14.396
1977-02-01,9.3,,14.709
1977-03-01,10.5,,15.17
1977-04-01,10.5,,15.135
1977-05-01,10.3,,14.984
1977-06-01,10.6,,14.952
1977-07-01,10.5,,14.641
1977-08-01,10.9,,14.859
1977-09-01,11.1,,14.65
1977-10-01,11.0,,14.9
1977-11-01,11.2,,14.799
1977-12-01,11.4,,15.175
1978-01-01,11.9,,13.704
1978-02-01,11.1,,14.363
1978-03-01,11.0,,15.166
1978-04-01,10.8,,16.198
1978-05-01,10.3,,16.298
1978-06-01,10.0,,16.348
1978-07-01,10.9,,15.528
1978-08-01,10.5,,16.045
1978-09-01,10.6,,14.641
1978-10-01,10.7,,15.845
1978-11-01,10.5,,15.484
1978-12-01,10.4,,15.338
1979-01-01,11.1,,15.061
1979-02-01,11.0,,15.321
1979-03-01,11.2,,15.275
1979-04-01,11.0,,14.742
1979-05-01,10.3,,14.374
1979-06-01,9.8,,12.744
1979-07-01,10.6,,14.112
1979-08-01,9.7,,14.344
1979-09-01,9.4,,14.292
1979-10-01,9.7,,13.112
1979-11-01,9.7,,13.025
1979-12-01,10.1,,13.496
1980-01-01,9.9,,14.439
1980-02-01,10.1,,13.276
1980-03-01,10.3,,12.077
1980-04-01,11.4,,10.444
1980-05-01,11.5,,9.54
1980-06-01,11.3,,10.449
1980-07-01,11.4,,11.664
1980-08-01,11.4,,11.154
1980-09-01,11.7,,10.912
1980-10-01,11.3,,11.412
1980-11-01,11.6,,11.257
1980-12-01,11.4,,10.939
1981-01-01,10.9,,11.282
1981-02-01,10.8,,12.351
1981-03-01,10.8,,12.427
1981-04-01,10.8,,10.49
1981-05-01,10.9,,10.354
1981-06-01,10.8,,10.415
1981-07-01,12.3,,10.428
1981-08-01,12.0,,12.681
1981-09-01,12.3,,11.08
1981-10-01,12.9,,9.418
1981-11-01,13.0,,9.494
1981-12-01,12.4,,9.055
1982-01-01,12.6,,10.285
1982-02-01,12.0,,10.924
1982-03-01,12.1,,10.651
1982-04-01,12.8,,9.747
1982-05-01,12.2,,11.103
1982-06-01,12.2,,9.613
1982-07-01,12.5,,9.759
1982-08-01,12.5,,9.947
1982-09-01,11.7,,11.129
1982-10-01,11.2,,10.14
1982-11-01,10.9,,12.03
1982-12-01,10.9,,11.249
1983-01-01,11.1,,10.865
1983-02-01,11.2,,10.608
1983-03-01,10.7,,11.023
1983-04-01,10.3,,11.673
1983-05-01,9.9,,12.028
1983-06-01,9.2,,12.96
1983-07-01,9.7,,12.917
1983-08-01,9.2,,12.246
1983-09-01,9.6,,12.451
1983-10-01,9.7,,13.311
1983-11-01,10.3,,13.125
1983-12-01,10.1,,14.503
1984-01-01,9.9,,14.21
1984-02-01,11.6,,14.381
1984-03-01,11.4,,14.21
1984-04-01,11.4,,14.357
1984-05-01,11.0,,14.856
1984-06-01,11.0,,14.673
1984-07-01,11.4,,14.758
1984-08-01,11.7,,14.279
1984-09-01,11.7,,13.959
1984-10-01,11.6,,14.642
1984-11-01,10.7,,14.774
1984-12-01,11.1,,14.602
1985-01-01,10.2,,15.563
1985-02-01,8.9,,15.724
1985-03-01,8.6,,15.358
1985-04-01,9.8,,15.521
1985-05-01,11.0,,15.561
1985-06-01,9.6,,15.093
1985-07-01,9.1,,15.498
1985-08-01,8.1,,16.91
1985-09-01,7.3,,19.104
1985-10-01,9.1,,14.185
1985-11-01,9.0,,14.622
1985-12-01,8.6,,15.711
1986-01-01,8.7,,16.06
1986-02-01,9.3,,15.371
1986-03-01,9.9,,14.161
1986-04-01,9.7,,15.849
1986-05-01,9.3,,16.302
1986-06-01,9.4,,15.92
1986-07-01,9.3,,15.742
1986-08-01,8.9,,17.285
1986-09-01,7.1,,21.495
1986-10-01,8.3,,14.793
1986-11-01,8.6,,14.822
1986-12-01,6.8,,18.079
1987-01-01,9.4,,12.414
1987-02-01,8.2,,15.109
1987-03-01,8.1,,15.299
1987-04-01,4.1,,15.452
1987-05-01,7.8,,14.572
1987-06-01,7.3,,15.619
1987-07-01,7.1,,15.655
1987-08-01,6.8,,17.092
1987-09-01,7.2,,16.119
1987-10-01,7.9,,14.258
1987-11-01,8.2,,14.543
1987-12-01,8.4,,15.645
1988-01-01,7.9,,16.083
1988-02-01,8.4,,16.513
1988-03-01,8.0,,16.182
1988-04-01,8.7,,15.545
1988-05-01,8.3,,15.941
1988-06-01,8.4,,15.854
1988-07-01,8.6,,15.704
1988-08-01,8.4,,15.385
1988-09-01,8.8,,15.047
1988-10-01,8.6,,15.162
1988-11-01,8.4,,15.394
1988-12-01,8.3,,16.437
1989-01-01,8.5,,15.372
1989-02-01,8.9,,14.991
1989-03-01,9.4,,14.662
1989-04-01,8.3,,16.024
1989-05-01,8.0,,15.267
1989-06-01,8.1,,14.384
1989-07-01,8.1,,14.695
1989-08-01,7.5,,16.547
1989-09-01,7.9,,15.66
1989-10-01,8.4,,13.581
1989-11-01,8.5,,13.37
1989-12-01,7.7,,13.55
1990-01-01,7.9,,16.308
1990-02-01,8.5,,14.363
1990-03-01,8.3,,14.486
1990-04-01,8.7,,14.281
1990-05-01,8.7,,14.022
1990-06-01,8.6,,14.149
1990-07-01,8.7,,14.081
1990-08-01,8.1,,13.859
1990-09-01,8.1,,14.298
1990-10-01,7.9,,13.749
1990-11-01,8.0,,13.134
1990-12-01,8.8,,12.958
1991-01-01,9.4,,11.829
1991-02-01,9.0,,12.409
1991-03-01,8.1,,12.848
1991-04-01,8.7,,12.038
1991-05-01,8.5,,12.487
1991-06-01,9.0,,12.719
1991-07-01,8.4,,12.972
1991-08-01,8.7,,12.565
1991-09-01,8.9,,13.107
1991-10-01,9.4,,12.217
1991-11-01,9.1,,12.576
1991-12-01,9.8,,12.658
1992-01-01,9.5,159177.0,12.591
1992-02-01,9.8,159189.0,12.927
1992-03-01,9.7,158647.0,12.824
1992-04-01,9.8,159921.0,12.55
1992-05-01,9.8,160471.0,13.098
1992-06-01,10.0,161205.0,13.543
1992-07-01,9.5,162855.0,12.853
1992-08-01,9.6,162412.0,12.873
1992-09-01,8.6,164361.0,13.378
1992-10-01,7.9,166063.0,13.655
1992-11-01,7.9,166124.0,13.218
1992-12-01,10.5,167691.0,13.784
1993-01-01,8.5,169500.0,13.457
1993-02-01,8.8,168840.0,12.969
1993-03-01,8.8,167682.0,13.326
1993-04-01,8.7,172102.0,14.527
1993-05-01,8.2,172960.0,14.519
1993-06-01,7.7,173018.0,14.49
1993-07-01,7.5,175822.0,14.451
1993-08-01,7.6,175233.0,13.584
1993-09-01,6.8,176608.0,13.99
1993-10-01,6.2,177588.0,14.911
1993-11-01,6.2,179758.0,14.882
1993-12-01,9.0,181077.0,15.004
1994-01-01,7.0,179615.0,15.379
1994-02-01,6.4,183101.0,15.52
1994-03-01,6.7,186721.0,15.301
1994-04-01,6.3,186423.0,16.013
1994-05-01,7.5,185616.0,14.577
1994-06-01,6.8,187800.0,15.109
1994-07-01,6.9,188062.0,14.875
1994-08-01,6.4,190771.0,15.359
1994-09-01,6.7,192585.0,15.274
1994-10-01,7.0,193914.0,15.894
1994-11-01,6.9,194425.0,15.89
1994-12-01,7.0,194939.0,15.584
1995-01-01,7.3,195908.0,14.801
1995-02-01,7.7,193068.0,14.861
1995-03-01,7.4,195179.0,15.256
1995-04-01,6.8,195310.0,14.378
1995-05-01,7.0,198060.0,14.806
1995-06-01,6.5,200383.0,15.407
1995-07-01,6.9,199110.0,14.7
1995-08-01,6.6,201078.0,15.368
1995-09-01,6.6,201337.0,15.338
1995-10-01,7.0,200597.0,14.861
1995-11-01,6.4,203545.0,15.38
1995-12-01,6.0,204032.0,16.262
1996-01-01,6.5,203793.0,14.812
1996-02-01,6.6,206875.0,15.587
1996-03-01,6.4,207650.0,16.044
1996-04-01,5.5,209294.0,15.466
1996-05-01,6.5,211157.0,15.993
1996-06-01,6.9,209474.0,15.256
1996-07-01,6.5,210827.0,15.074
1996-08-01,6.4,210846.0,15.486
1996-09-01,6.4,213233.0,15.534
1996-10-01,6.1,215526.0,15.308
1996-11-01,6.2,215167.0,15.712
1996-12-01,6.1,215690.0,15.183
1997-01-01,5.9,218124.0,15.682
1997-02-01,6.0,219587.0,15.271
1997-03-01,6.1,221189.0,15.816
1997-04-01,6.2,217925.0,15.058
1997-05-01,6.5,217771.0,15.088
1997-06-01,6.3,220233.0,14.524
1997-07-01,5.8,222985.0,15.568
1997-08-01,5.7,223120.0,16.148
1997-09-01,5.9,224509.0,15.096
1997-10-01,5.9,224300.0,15.431
1997-11-01,6.1,223718.0,15.825
1997-12-01,6.1,225236.0,16.474
1998-01-01,7.0,225954.0,14.789
1998-02-01,7.0,225746.0,15.232
1998-03-01,7.1,226889.0,15.405
1998-04-01,6.9,230409.0,15.923
1998-05-01,6.6,230995.0,17.057
1998-06-01,6.5,233207.0,16.771
1998-07-01,6.6,231551.0,14.668
1998-08-01,6.5,229792.0,14.796
1998-09-01,6.1,232308.0,16.313
1998-10-01,5.9,236174.0,17.131
1998-11-01,6.0,237592.0,16.118
1998-12-01,5.5,240140.0,17.409
1999-01-01,6.1,240269.0,16.593
1999-02-01,6.0,243346.0,17.097
1999-03-01,5.6,244687.0,16.832
1999-04-01,4.7,246628.0,16.929
1999-05-01,4.4,248367.0,17.564
1999-06-01,4.3,249329.0,17.346
1999-07-01,4.4,251263.0,17.688
1999-08-01,4.3,253844.0,17.641
1999-09-01,3.7,255029.0,17.662
1999-10-01,4.0,254816.0,17.684
1999-11-01,4.1,258133.0,17.62
1999-12-01,3.7,263311.0,18.322
2000-01-01,4.5,261545.0,18.635
2000-02-01,4.0,265686.0,19.401
2000-03-01,3.8,269019.0,18.343
2000-04-01,4.3,264067.0,17.939
2000-05-01,4.3,265992.0,17.943
2000-06-01,4.3,267750.0,17.596
2000-07-01,4.7,265683.0,17.316
2000-08-01,4.8,266885.0,17.531
2000-09-01,4.1,270523.0,18.654
2000-10-01,4.3,270339.0,17.514
2000-11-01,4.3,268850.0,16.634
2000-12-01,4.1,268338.0,16.222
2001-01-01,4.5,272881.0,17.652
2001-02-01,4.6,272627.0,17.826
2001-03-01,4.9,269820.0,17.248
2001-04-01,4.8,274410.0,16.872
2001-05-01,4.3,275769.0,16.876
2001-06-01,4.2,274474.0,17.464
2001-07-01,5.4,273098.0,16.463
2001-08-01,6.5,275659.0,16.348
2001-09-01,6.9,268652.0,16.365
2001-10-01,2.9,288632.0,22.055
2001-11-01,3.4,280033.0,18.031
2001-12-01,3.7,276302.0,16.465
2002-01-01,5.6,277135.0,16.523
2002-02-01,5.4,278869.0,17.304
2002-03-01,5.5,278079.0,17.107
2002-04-01,5.4,281147.0,17.668
2002-05-01,6.1,278966.0,16.197
2002-06-01,6.1,280426.0,16.953
2002-07-01,5.3,284161.0,18.147
2002-08-01,5.2,285884.0,18.449
2002-09-01,5.8,281064.0,16.665
2002-10-01,5.6,282940.0,16.259
2002-11-01,5.6,283408.0,16.52
2002-12-01,5.3,286646.0,17.866
2003-01-01,5.3,288657.0,16.708
2003-02-01,5.2,284696.0,16.114
2003-03-01,4.9,288177.0,16.467
2003-04-01,5.0,289053.0,16.751
2003-05-01,5.3,289619.0,16.47
2003-06-01,5.1,293671.0,17.013
2003-07-01,5.9,296207.0,17.117
2003-08-01,5.7,299592.0,18.262
2003-09-01,4.9,298921.0,17.286
2003-10-01,5.0,298205.0,16.489
2003-11-01,5.0,299433.0,17.563
2003-12-01,5.0,300702.0,17.357
2004-01-01,4.6,301993.0,16.695
2004-02-01,4.6,303915.0,17.032
2004-03-01,4.5,309471.0,17.247
2004-04-01,4.9,307358.0,16.898
2004-05-01,4.8,311088.0,18.186
2004-06-01,5.4,309127.0,16.173
2004-07-01,4.7,311681.0,17.309
2004-08-01,4.7,311192.0,17.157
2004-09-01,4.1,317446.0,17.875
2004-10-01,3.9,318476.0,17.514
2004-11-01,3.4,320520.0,17.362
2004-12-01,6.2,324672.0,18.102
2005-01-01,2.7,321272.0,16.889
2005-02-01,2.3,325308.0,16.886
2005-03-01,2.5,326179.0,17.413
2005-04-01,2.1,329124.0,17.756
2005-05-01,2.6,327233.0,17.414
2005-06-01,2.0,337219.0,18.482
2005-07-01,1.4,339529.0,21.135
2005-08-01,2.0,335605.0,17.418
2005-09-01,2.0,336600.0,16.927
2005-10-01,2.3,336753.0,15.336
2005-11-01,2.6,339719.0,16.524
2005-12-01,2.5,339895.0,17.174
2006-01-01,3.0,349664.0,18.081
2006-02-01,3.2,347021.0,17.071
2006-03-01,3.3,348357.0,16.96
2006-04-01,3.1,350072.0,17.127
2006-05-01,2.9,348889.0,16.729
2006-06-01,2.9,350795.0,16.9
2006-07-01,2.3,351916.0,17.662
2006-08-01,2.5,353285.0,16.458
2006-09-01,2.4,351240.0,16.974
2006-10-01,2.4,351035.0,16.865
2006-11-01,2.7,352116.0,16.657
2006-12-01,2.6,356367.0,17.107
2007-01-01,2.4,355792.0,16.896
2007-02-01,2.8,356545.0,17.169
2007-03-01,3.0,359415.0,16.438
2007-04-01,3.0,358562.0,16.615
2007-05-01,2.8,363085.0,16.661
2007-06-01,2.7,360234.0,16.179
2007-07-01,2.6,361770.0,15.837
2007-08-01,2.2,363676.0,16.379
2007-09-01,2.3,365178.0,16.532
2007-10-01,2.2,367322.0,16.455
2007-11-01,1.9,370776.0,16.354
2007-12-01,2.4,366569.0,16.03
2008-01-01,2.6,367368.0,15.705
2008-02-01,3.0,364126.0,15.491
2008-03-01,2.9,365164.0,15.114
2008-04-01,2.4,364816.0,14.605
2008-05-01,6.8,368255.0,14.697
2008-06-01,4.6,368926.0,14.377
2008-07-01,3.6,367594.0,13.006
2008-08-01,3.1,364611.0,14.119
2008-09-01,3.9,358991.0,12.961
2008-10-01,4.9,346137.0,10.933
2008-11-01,6.0,332498.0,10.526
2008-12-01,5.8,324767.0,10.383
2009-01-01,5.9,329787.0,9.786
2009-02-01,5.4,328376.0,9.223
2009-03-01,5.8,322634.0,9.748
2009-04-01,6.5,324323.0,9.379
2009-05-01,7.8,327011.0,10.176
2009-06-01,6.1,332227.0,10.149
2009-07-01,5.4,333670.0,11.566
2009-08-01,4.4,339586.0,14.754
2009-09-01,5.5,330998.0,9.535
2009-10-01,5.1,334595.0,10.576
2009-11-01,5.5,337321.0,11.041
2009-12-01,5.4,338736.0,11.284
2010-01-01,5.6,339093.0,10.893
2010-02-01,5.3,339580.0,10.315
2010-03-01,5.3,346974.0,11.772
2010-04-01,6.0,349869.0,11.454
2010-05-01,6.4,346858.0,12.03
2010-06-01,6.2,346516.0,11.598
2010-07-01,6.1,347612.0,11.948
2010-08-01,6.2,349188.0,12.014
2010-09-01,6.1,352179.0,11.922
2010-10-01,5.9,356215.0,12.414
2010-11-01,5.8,359450.0,12.3
2010-12-01,6.2,361979.0,12.605
2011-01-01,6.6,364394.0,12.806
2011-02-01,6.9,367475.0,13.081
2011-03-01,6.3,370775.0,13.259
2011-04-01,6.3,372820.0,13.326
2011-05-01,6.3,372505.0,12.28
2011-06-01,6.5,375587.0,11.886
2011-07-01,6.7,375442.0,12.72
2011-08-01,6.7,375860.0,12.604
2011-09-01,6.4,380042.0,13.356
2011-10-01,6.3,382207.0,13.73
2011-11-01,6.4,383422.0,13.743
2011-12-01,7.2,383985.0,13.798
2012-01-01,7.4,387531.0,14.395
2012-02-01,7.3,392310.0,14.975
2012-03-01,7.6,393698.0,14.594
2012-04-01,7.9,392073.0,14.769
2012-05-01,7.9,391376.0,14.496
2012-06-01,7.9,387901.0,14.467
2012-07-01,7.0,389686.0,14.38
2012-08-01,6.7,394524.0,14.444
2012-09-01,7.2,397681.0,15.099
2012-10-01,7.8,397494.0,14.83
2012-11-01,8.7,399708.0,15.456
2012-12-01,10.9,401093.0,15.462
2013-01-01,4.9,404434.0,15.813
2013-02-01,4.7,409118.0,15.861
2013-03-01,4.8,406223.0,15.721
2013-04-01,5.1,404231.0,15.811
2013-05-01,5.3,406677.0,15.884
2013-06-01,5.4,407921.0,16.149
2013-07-01,5.2,410268.0,16.021
2013-08-01,5.2,409691.0,15.827
2013-09-01,5.3,410044.0,15.857
2013-10-01,4.7,411399.0,15.727
2013-11-01,4.5,412561.0,16.079
2013-12-01,4.5,414812.0,15.835
2014-01-01,5.2,411561.0,15.614
2014-02-01,5.3,416736.0,15.993
2014-03-01,5.2,421230.0,16.985
2014-04-01,5.4,425546.0,16.695
2014-05-01,5.6,426253.0,17.137
2014-06-01,5.6,427305.0,17.516
2014-07-01,5.5,428079.0,17.277
2014-08-01,5.3,431379.0,17.239
2014-09-01,5.5,430189.0,16.959
2014-10-01,5.4,431903.0,16.756
2014-11-01,5.6,433113.0,16.949
2014-12-01,6.0,430110.0,17.178
2015-01-01,6.3,428208.0,16.91
2015-02-01,6.4,427119.0,16.891
2015-03-01,5.9,433647.0,17.896
2015-04-01,5.9,434470.0,17.693
2015-05-01,5.8,437865.0,17.929
2015-06-01,5.7,437951.0,17.889
2015-07-01,5.6,441942.0,18.318
2015-08-01,5.6,441849.0,18.391
2015-09-01,5.8,439867.0,18.281
2015-10-01,5.8,438693.0,18.27
2015-11-01,5.6,440303.0,18.314
2015-12-01,5.8,442149.0,17.503
2016-01-01,6.1,439466.0,18.054
2016-02-01,5.6,443117.0,18.096
2016-03-01,5.9,441856.0,17.291
2016-04-01,5.5,444254.0,17.669
2016-05-01,5.3,445490.0,17.695
2016-06-01,4.9,450237.0,17.735
2016-07-01,5.1,449789.0,18.109
2016-08-01,5.1,449946.0,17.927
2016-09-01,5.1,453056.0,17.956
2016-10-01,5.3,453847.0,17.954
2016-11-01,5.4,453892.0,17.792
2016-12-01,5.0,459305.0,18.277
2017-01-01,5.3,464412.0,17.652
2017-02-01,5.6,464284.0,17.699
2017-03-01,5.6,463674.0,17.061
2017-04-01,5.7,465276.0,17.166
2017-05-01,6.3,462754.0,17.081
2017-06-01,6.0,465130.0,17.13
2017-07-01,6.0,465089.0,17.237
2017-08-01,6.1,466020.0,17.051
2017-09-01,5.9,475724.0,18.313
2017-10-01,6.0,476107.0,18.482
2017-11-01,5.6,480949.0,18.003
2017-12-01,5.0,483586.0,17.887
2018-01-01,5.7,481414.0,17.176
2018-02-01,5.8,484031.0,17.447
2018-03-01,5.9,484110.0,17.662
2018-04-01,6.0,484154.0,17.584
2018-05-01,6.0,491960.0,17.829
2018-06-01,6.3,490228.0,17.743
2018-07-01,6.5,493142.0,17.629
2018-08-01,6.6,493445.0,17.564
2018-09-01,6.8,491507.0,17.776
2018-10-01,6.7,496416.0,17.991
2018-11-01,6.5,498854.0,18.061
2018-12-01,8.4,489113.0,18.077
2019-01-01,8.4,490440.0,16.97
2019-02-01,8.5,491751.0,16.962
2019-03-01,7.9,499292.0,17.842
2019-04-01,7.6,499343.0,16.968
2019-05-01,7.3,504741.0,17.967
2019-06-01,7.1,505251.0,17.781
2019-07-01,6.8,509091.0,17.682
2019-08-01,6.9,512561.0,17.882
2019-09-01,7.0,509282.0,17.72
2019-10-01,7.1,510648.0,17.049
2019-11-01,6.9,514215.0,17.549
2019-12-01,6.2,515866.0,17.491
2020-01-01,6.8,515119.0,16.85
2020-02-01,7.5,515330.0,17.13
2020-03-01,12.4,468324.0,11.825
2020-04-01,31.8,401028.0,8.919
2020-05-01,22.6,478449.0,12.543
2020-06-01,18.3,518038.0,13.532
2020-07-01,17.9,526304.0,15.182
2020-08-01,13.9,530735.0,16.09
2020-09-01,13.3,541302.0,16.713
2020-10-01,12.8,539114.0,16.564
2020-11-01,12.0,533941.0,16.298
2020-12-01,11.8,538548.0,16.906
2021-01-01,19.5,559230.0,16.719
2021-02-01,13.0,544891.0,16.146
2021-03-01,26.2,603581.0,18.451
2021-04-01,12.4,608961.0,18.574
2021-05-01,10.0,605282.0,17.519
2021-06-01,8.8,611950.0,16.056
2021-07-01,9.5,601817.0,15.187
2021-08-01,8.7,605533.0,13.874
2021-09-01,7.6,609671.0,12.731
2021-10-01,7.0,618573.0,13.156
2021-11-01,6.6,624874.0,13.37
2021-12-01,6.6,619938.0,13.123
2022-01-01,4.2,631509.0,14.886
2022-02-01,4.1,638101.0,14.198
2022-03-01,3.2,651027.0,14.221
2022-04-01,2.6,660194.0,14.615
2022-05-01,2.6,659847.0,13.291
2022-06-01,2.2,666113.0,13.821
2022-07-01,3.3,659550.0,13.87
2022-08-01,3.2,663566.0,14.184
2022-09-01,3.4,661854.0,14.12
2022-10-01,3.4,668671.0,15.099
2022-11-01,3.8,659458.0,14.583
2022-12-01,4.2,651763.0,13.874
2023-01-01,4.9,680253.0,15.657
2023-02-01,5.5,672152.0,15.47
2023-03-01,6.0,665071.0,15.621
2023-04-01,5.8,670494.0,16.41
2023-05-01,6.1,673902.0,15.931
2023-06-01,5.8,677117.0,16.606
2023-07-01,5.5,678424.0,16.321
2023-08-01,5.6,684755.0,16.071
2023-09-01,5.3,689403.0,16.209
2023-10-01,5.4,686148.0,15.738
2023-11-01,5.6,685328.0,15.782
2023-12-01,5.6,686277.0,16.321
2024-01-01,6.4,680456.0,15.558
2024-02-01,6.1,685280.0,16.255
2024-03-01,5.9,687641.0,16.21
2024-04-01,5.8,687602.0,16.458
2024-05-01,5.8,692774.0,16.361
2024-06-01,5.7,692449.0,15.79
2024-07-01,5.3,698835.0,16.337
2024-08-01,5.2,697039.0,15.978
2024-09-01,4.8,703055.0,16.341
2024-10-01,5.0,708290.0,16.493
2024-11-01,4.9,711853.0,16.908
2024-12-01,4.3,717547.0,17.301
2025-01-01,5.1,711461.0,15.95
2025-02-01,5.2,711757.0,16.419
2025-03-01,5.1,722572.0,18.35
2025-04-01,5.5,721789.0,17.583
2025-05-01,4.9,716101.0,16.043
2025-06-01,4.6,723033.0,16.282
2025-07-01,4.3,727727.0,16.986
2025-08-01,4.1,731700.0,16.911
2025-09-01,4.0,732192.0,16.985
2025-10-01,3.7,731051.0,15.843
2025-11-01,3.7,735085.0,16.006
2025-12-01,3.6,734967.0,16.401
2026-01-01,,,15.199
