Date,Mean_Average,Most_Bearish,Quart_1,Median,Quart_3,Most_Bullish,Std_Dev,NAAIM_Number,SP500
2006-07-05,19.44,-100.0,0.0,20.0,50.0,100.0,55.55,19.44,1265.48
2006-07-05,19.444444444444443,-100.0,0.0,20.0,50.0,100.0,55.54999972219444,19.444444444444443,1265.48
2006-07-12,31.2,-50.0,0.0,25.0,50.0,150.0,47.84,31.2,1236.2
2006-07-12,31.2,-50.0,0.0,25.0,50.0,150.0,47.83889630833889,31.2,1236.2
2006-07-19,18.76,-100.0,0.0,25.0,50.0,100.0,38.1704388237809,18.76,1240.29
2006-07-26,17.375,-50.0,0.0,15.0,50.0,100.0,33.77846022245537,17.375,1278.55
2006-08-02,44.233333333333334,-50.0,21.25,50.0,53.75,175.0,43.69262587159938,44.233333333333334,1279.36
2006-08-09,45.01875,-100.0,31.25,50.0,58.75,150.0,47.48392779075358,45.01875,1266.74
2006-08-16,38.6,-100.0,0.0,50.0,75.0,150.0,56.524684873071166,38.6,1302.3
2006-08-23,42.095238095238095,-60.0,0.0,50.0,75.0,100.0,45.17047577883332,42.095238095238095,1295.09
2006-08-30,42.095238095238095,-60.0,0.0,50.0,75.0,100.0,45.17047577883332,42.095238095238095,1311.01
2006-09-06,49.38095238095238,-70.0,50.0,60.0,90.0,100.0,50.37429067488427,49.38095238095238,1298.92
2006-09-13,45.8,-100.0,15.0,50.0,85.0,150.0,56.22864038904017,45.8,1319.66
2006-09-20,78.0,20.0,50.0,82.5,100.0,150.0,31.264996401726965,78.0,1314.78
2006-09-27,49.904761904761905,-125.0,45.0,50.0,90.0,123.0,55.80741097902147,49.904761904761905,1335.85
2006-10-04,69.7,-100.0,50.0,88.0,100.0,175.0,59.40462944922727,69.7,1349.59
2006-10-11,60.09090909090909,-125.0,50.0,82.5,100.0,120.0,59.825434763385545,60.09090909090909,1365.62
2006-10-18,84.4090909090909,-20.0,77.5,95.0,100.0,150.0,33.215082952435786,84.4090909090909,1368.6
2006-10-25,80.16,-100.0,70.0,90.0,100.0,200.0,53.12150600274808,80.16,1377.34
2006-11-01,80.95833333333333,-100.0,68.75,90.0,100.0,200.0,53.86439699735706,80.95833333333333,1364.3
2006-11-08,73.95652173913044,-50.0,53.0,90.0,100.0,150.0,46.65365287983499,73.95652173913044,1380.9
2006-11-15,68.0952380952381,-150.0,56.0,89.0,100.0,150.0,61.29779360738677,68.0952380952381,1401.2
2006-11-22,92.42857142857143,50.0,80.0,100.0,100.0,150.0,20.824828195876073,92.42857142857143,1400.95
2006-11-29,86.66821428571428,-25.0,72.5,100.0,100.0,150.0,38.41404217336336,86.66821428571428,1396.71
2006-12-06,74.73076923076923,-150.0,75.75,100.0,100.0,125.0,58.029540018794734,74.73076923076923,1409.84
2006-12-13,93.0,50.0,85.0,100.0,100.0,125.0,19.415261547359616,93.0,1427.09
2006-12-20,92.9090909090909,50.0,83.5,100.0,100.0,150.0,22.354395725773102,92.9090909090909,1410.76
2006-12-27,85.17391304347827,-30.0,79.0,100.0,100.0,150.0,35.21320425995493,85.17391304347827,1418.3
2007-01-03,100.04761904761905,50.0,85.0,100.0,108.0,200.0,32.236442245024186,100.04761904761905,1409.71
2007-01-10,58.88461538461539,-150.0,50.0,81.5,100.0,125.0,65.21286265470411,58.88461538461539,1430.73
2007-01-17,84.89473684210526,0.0,68.0,100.0,100.0,112.0,27.899999503569333,84.89473684210526,1430.5
2007-01-24,72.5909090909091,-50.0,52.5,85.0,100.0,125.0,42.72391186008251,72.5909090909091,1422.18
2007-01-31,80.75,-50.0,62.5,87.5,100.0,200.0,49.378006237595294,80.75,1448.39
2007-02-07,82.0,-50.0,62.5,90.0,100.0,200.0,45.92716350729802,82.0,1438.06
2007-02-14,79.0909090909091,-100.0,67.5,92.5,100.0,200.0,55.649805268718424,79.0909090909091,1455.54
2007-02-21,73.68181818181819,-150.0,61.5,90.0,100.0,118.0,52.764818137257436,73.68181818181819,1451.19
2007-02-28,89.33333333333333,-100.0,85.0,100.0,100.0,200.0,53.726231363347424,89.33333333333333,1387.17
2007-03-07,52.4,-75.0,30.0,50.0,90.0,150.0,48.602880573068916,52.4,1402.84
2007-03-14,38.05263157894737,-150.0,24.0,45.0,90.0,100.0,68.63517103935203,38.05263157894737,1386.95
2007-03-21,47.69565217391305,-100.0,21.5,40.0,85.0,200.0,54.906588487696794,47.69565217391305,1436.11
2007-03-28,44.541666666666664,-120.0,16.0,47.5,82.5,200.0,61.63060601050603,44.541666666666664,1420.86
2007-04-04,45.65384615384615,-125.0,21.0,57.5,87.5,200.0,64.53796873379285,45.65384615384615,1443.76
2007-04-11,59.32,-125.0,50.0,66.0,90.0,200.0,57.82506031125259,59.32,1452.85
2007-04-18,54.142857142857146,-200.0,38.0,80.0,100.0,112.0,69.27947934636491,54.142857142857146,1484.35
2007-04-25,75.42307692307692,-125.0,80.0,90.0,100.0,200.0,59.001416591157486,75.42307692307692,1494.07
2007-05-02,82.66666666666667,-125.0,63.75,92.0,100.0,200.0,59.063995424924954,82.66666666666667,1505.62
2007-05-09,73.83333333333333,-125.0,67.5,97.5,100.0,117.0,55.064860745205635,73.83333333333333,1505.85
2007-05-16,87.375,-125.0,87.75,100.0,100.0,200.0,51.81924714813985,87.375,1522.75
2007-05-23,82.5,-125.0,80.25,90.0,100.0,200.0,53.983793864455286,82.5,1515.73
2007-05-30,80.54545454545455,-50.0,65.0,90.0,100.0,200.0,48.78685299128637,80.54545454545455,1536.34
2007-06-06,57.63333333333333,-125.0,27.0,80.0,97.5,200.0,62.81108359375933,57.63333333333333,1507.67
2007-06-13,53.04,-125.0,0.0,75.0,100.0,150.0,65.54234051359472,53.04,1532.91
2007-06-20,61.47222222222222,-125.0,40.0,85.0,100.0,200.0,67.95443167263352,61.47222222222222,1502.56
2007-06-27,74.2258064516129,-50.0,45.0,77.0,100.0,200.0,55.826175891531534,74.2258064516129,1503.35
2007-07-05,56.0625,-125.0,38.75,77.5,91.25,200.0,60.17679032442658,56.0625,1552.5
2007-07-11,62.39393939393939,-100.0,50.0,75.0,90.0,200.0,51.3549380316903,62.39393939393939,1530.44
2007-07-18,74.13333333333334,0.0,50.0,80.0,94.5,200.0,45.88880279787458,74.13333333333334,1534.1
2007-07-25,40.58064516129032,-125.0,0.0,50.0,85.0,200.0,63.76609180512709,40.58064516129032,1458.95
2007-08-01,39.0,-125.0,0.0,36.0,52.5,200.0,59.65735495309862,39.0,1433.06
2007-08-08,43.81818181818182,-50.0,0.0,31.0,70.0,200.0,65.09966929369735,43.81818181818182,1453.64
2007-08-15,21.25,-100.0,0.0,5.0,33.75,200.0,57.03452901532545,21.25,1445.94
2007-08-22,38.1875,-15.0,0.0,22.5,50.0,200.0,52.70165883300069,38.1875,1479.37
2007-08-29,-2.111111111111111,-200.0,-3.75,5.0,41.25,100.0,72.5663595835555,-2.111111111111111,1473.99
2007-09-05,39.625,-50.0,7.5,40.0,77.5,100.0,45.02296867525878,39.625,1453.55
2007-09-12,46.55172413793103,-125.0,0.0,40.0,85.0,200.0,69.60310447242826,46.55172413793103,1484.25
2007-09-19,63.5,0.0,50.0,57.5,87.5,200.0,42.40830444281268,63.5,1525.75
2007-09-26,77.36363636363636,0.0,60.0,75.0,93.75,200.0,38.186796212286225,77.36363636363636,1526.75
2007-10-03,75.49484848484849,-125.0,65.0,90.0,100.0,200.0,61.369548273391054,75.49484848484849,1557.59
2007-10-10,66.43333333333334,-125.0,52.5,90.0,100.0,130.0,56.227919122877815,66.43333333333334,1561.8
2007-10-17,86.46428571428571,-50.0,75.0,92.5,100.0,200.0,49.208363214031834,86.46428571428571,1500.63
2007-10-24,69.14285714285714,-200.0,50.0,90.0,100.0,200.0,65.85086737996606,69.14285714285714,1535.28
2007-10-31,65.6923076923077,-200.0,38.75,90.0,100.0,200.0,75.0747162349048,65.6923076923077,1509.65
2007-11-07,84.44444444444444,-20.0,50.0,80.0,100.0,200.0,52.534527153195896,84.44444444444444,1453.7
2007-11-14,68.34615384615384,0.0,44.0,65.0,98.25,200.0,40.67974577079276,68.34615384615384,1458.74
2007-11-21,51.041666666666664,-70.0,18.75,46.0,66.25,200.0,60.49344259688171,51.041666666666664,1440.7
2007-11-28,51.07142857142857,-200.0,25.0,57.5,92.5,200.0,68.934714752142,51.07142857142857,1481.14
2007-12-05,69.43333333333334,-90.0,40.0,72.5,90.0,200.0,60.53631600581221,69.43333333333334,1504.66
2007-12-12,73.57142857142857,-200.0,50.0,87.5,100.0,200.0,69.02144002897555,73.57142857142857,1467.95
2007-12-19,56.26923076923077,-200.0,22.5,52.5,97.5,200.0,71.46734471733748,56.26923076923077,1484.46
2007-12-26,74.78571428571429,-50.0,47.5,80.0,100.0,200.0,50.49636277061175,74.78571428571429,1478.49
2008-01-02,83.55172413793103,0.0,50.0,70.0,100.0,200.0,55.229668567997,83.55172413793103,1411.63
2008-01-09,41.44827586206897,-200.0,0.0,50.0,85.0,200.0,75.13922076404138,41.44827586206897,1401.02
2008-01-16,12.919354838709678,-200.0,0.0,20.0,50.0,100.0,58.38748440434506,12.919354838709678,1325.19
2008-01-23,39.911764705882355,-200.0,0.0,33.5,75.0,200.0,74.04027824615576,39.911764705882355,1330.61
2008-01-30,25.62962962962963,-160.0,0.0,10.0,55.0,200.0,62.16414838399437,25.62962962962963,1395.42
2008-02-06,30.892857142857142,-200.0,0.0,22.5,56.25,200.0,70.44721391921466,30.892857142857142,1331.29
2008-02-13,15.333333333333334,-200.0,0.0,20.0,57.5,200.0,74.67633865928053,15.333333333333334,1349.99
2008-02-20,33.666666666666664,-80.0,0.0,22.5,65.0,200.0,57.328488167363666,33.666666666666664,1353.11
2008-02-27,13.962962962962964,-200.0,7.5,20.0,67.5,115.0,82.92677782302735,13.962962962962964,1330.63
2008-03-05,38.34375,-100.0,0.0,35.0,52.5,200.0,56.330836013124284,38.34375,1293.37
2008-03-12,45.28,-30.0,0.0,20.0,50.0,200.0,63.15284316640067,45.28,1288.14
2008-03-19,44.0,0.0,10.0,37.5,66.25,200.0,44.17335978036665,44.0,1329.51
2008-03-26,26.689655172413794,-200.0,0.0,34.0,50.0,200.0,69.09468937538611,26.689655172413794,1315.22
2008-04-02,42.07142857142857,-180.0,10.0,35.0,81.25,200.0,72.94661872680233,42.07142857142857,1370.4
2008-04-09,46.92,-125.0,30.0,50.0,80.0,200.0,69.4699474593151,46.92,1332.83
2008-04-16,49.861111111111114,-200.0,25.0,50.0,80.0,200.0,56.323052699867915,49.861111111111114,1364.71
2008-04-23,59.26923076923077,0.0,25.0,50.0,89.5,200.0,41.97486215884977,59.26923076923077,1364.71
2008-05-01,74.47058823529412,0.0,50.0,65.0,90.0,200.0,44.9622294389921,74.47058823529412,1364.71
2008-05-07,66.03703703703704,-15.0,50.0,80.0,97.5,125.0,37.798178950335576,66.03703703703704,1392.57
2008-05-14,56.41025641025641,-200.0,25.0,70.0,100.0,200.0,68.46025159647168,56.41025641025641,1408.66
2008-05-21,68.72413793103448,-125.0,35.0,75.0,100.0,200.0,65.70356446097523,68.72413793103448,1390.71
2008-05-28,69.48484848484848,-125.0,40.0,70.0,100.0,200.0,66.21366755007298,69.48484848484848,1390.84
2008-06-04,58.15151515151515,-125.0,30.0,50.0,100.0,200.0,65.78897448943084,58.15151515151515,1377.2
2008-06-11,36.45945945945946,-200.0,0.0,30.0,85.0,200.0,78.83016112130254,36.45945945945946,1335.49
2008-06-18,44.22222222222222,-160.0,7.5,40.0,86.25,200.0,65.08375420739338,44.22222222222222,1337.81
2008-06-25,32.0,-50.0,0.0,25.0,63.5,200.0,55.26475864768702,32.0,1321.97
2008-07-02,28.02777777777778,-50.0,0.0,24.5,52.5,200.0,52.72332717493332,28.02777777777778,1261.52
2008-07-09,2.0285714285714285,-200.0,-40.0,0.0,45.0,200.0,75.84890458359047,2.0285714285714285,1244.69
2008-07-16,10.216216216216216,-200.0,0.0,5.0,50.0,100.0,51.27832645534913,10.216216216216216,1245.36
2008-07-23,13.8125,-200.0,0.0,20.0,50.0,100.0,57.90910846965268,13.8125,1282.19
2008-07-30,12.56,-200.0,0.0,20.0,50.0,100.0,61.75051740673919,12.56,1284.26
2008-08-06,18.303030303030305,-200.0,0.0,20.0,50.0,100.0,52.66157523250495,18.303030303030305,1289.19
2008-08-13,33.270270270270274,-50.0,0.0,20.0,50.0,200.0,53.1182508710766,33.270270270270274,1285.83
2008-08-21,39.76470588235294,-50.0,3.25,29.0,56.0,200.0,50.104043997600584,39.76470588235294,1277.72
2008-08-27,30.02857142857143,-50.0,0.0,20.0,50.0,200.0,50.177676148596895,30.02857142857143,1281.66
2008-09-03,29.91891891891892,-200.0,0.0,30.0,50.0,200.0,65.07350454237007,29.91891891891892,1274.98
2008-09-10,28.319444444444443,-50.0,0.0,19.25,50.0,200.0,44.254182598587626,28.319444444444443,1232.04
2008-09-17,16.085714285714285,-125.0,0.0,10.0,30.0,200.0,47.422942867393644,16.085714285714285,1156.39
2008-09-24,19.11111111111111,-125.0,0.0,10.5,26.25,200.0,46.35957157419824,19.11111111111111,1185.87
2008-10-01,16.26829268292683,-100.0,0.0,0.0,33.0,100.0,33.40587387391909,16.26829268292683,1161.06
2008-10-08,-2.9722222222222223,-200.0,0.0,0.0,16.25,50.0,51.28108060869098,-2.9722222222222223,984.94
2008-10-15,18.0,-80.0,0.0,5.0,33.5,200.0,40.55175020198813,18.0,907.84
2008-10-22,8.368421052631579,-200.0,0.0,2.5,32.25,100.0,44.12984492717371,8.368421052631579,896.78
2008-10-29,10.0,-200.0,0.0,2.5,40.0,125.0,53.88258840602717,10.0,930.09
2008-11-05,9.617647058823529,-200.0,0.0,2.5,38.75,100.0,49.886350075701394,9.617647058823529,952.77
2008-11-12,15.06060606060606,-80.0,0.0,5.0,30.0,200.0,44.40580046327513,15.06060606060606,852.3
2008-11-19,11.705882352941176,-100.0,0.0,0.0,20.0,200.0,43.97695212652987,11.705882352941176,806.58
2008-11-26,9.666666666666666,-200.0,0.0,0.0,25.0,200.0,57.85439752630143,9.666666666666666,887.68
2008-12-03,9.647058823529411,-80.0,0.0,0.0,25.0,200.0,45.35732793311169,9.647058823529411,870.74
2008-12-10,3.6774193548387095,-200.0,0.0,0.0,22.5,100.0,49.21407292620101,3.6774193548387095,899.24
2008-12-17,14.428571428571429,-200.0,0.0,10.0,50.0,140.0,53.49140690096773,14.428571428571429,904.42
2008-12-24,24.41176470588235,-200.0,0.0,10.0,50.0,170.0,55.28648257675056,24.41176470588235,868.15
2008-12-31,22.055555555555557,-200.0,0.0,16.0,51.25,155.0,55.14372354958976,22.055555555555557,903.25
2009-01-07,29.085714285714285,-200.0,5.0,40.0,50.0,100.0,51.01281151608398,29.085714285714285,906.65
2009-01-14,26.514285714285716,-200.0,0.0,33.0,50.0,200.0,64.58499225431397,26.514285714285716,842.62
2009-01-21,19.666666666666668,-200.0,0.0,32.0,50.0,100.0,51.036330889936345,19.666666666666668,840.24
2009-01-28,20.223529411764705,-200.0,0.0,25.0,50.0,100.0,49.00686061709373,20.223529411764705,874.09
2009-02-04,17.8,-100.0,0.0,20.0,39.0,100.0,33.08758938678627,17.8,832.23
2009-02-11,24.142857142857142,-50.0,0.0,10.0,45.5,200.0,42.688334209137516,24.142857142857142,833.74
2009-02-18,25.972972972972972,-40.0,0.0,15.0,45.0,200.0,49.836210913235156,25.972972972972972,788.42
2009-02-25,13.352941176470589,-200.0,0.0,15.0,37.25,100.0,46.37689736276609,13.352941176470589,764.9
2009-03-04,2.1470588235294117,-200.0,0.0,0.0,22.5,100.0,48.79798233108389,2.1470588235294117,712.87
2009-03-11,4.228571428571429,-200.0,0.0,5.0,17.5,100.0,50.995285896575474,4.228571428571429,721.36
2009-03-18,9.970588235294118,-200.0,0.0,15.0,36.25,100.0,50.63275230062387,9.970588235294118,794.35
2009-03-25,47.75,-50.0,15.75,50.0,60.0,200.0,49.15981590689697,47.75,813.88
2009-04-01,18.85483870967742,-200.0,0.0,25.0,50.0,125.0,67.93322071407249,18.85483870967742,811.08
2009-04-08,35.303030303030305,-200.0,5.0,38.0,50.0,200.0,59.144140747470985,35.303030303030305,825.16
2009-04-15,41.611111111111114,-100.0,10.75,45.0,55.5,200.0,48.41732803781088,41.611111111111114,852.06
2009-04-22,22.666666666666668,-200.0,0.0,29.0,50.0,120.0,65.50718982823122,22.666666666666668,843.55
2009-04-29,35.75757575757576,-200.0,0.0,47.0,75.0,200.0,67.77459535800439,35.75757575757576,873.64
2009-05-06,33.18518518518518,-200.0,5.0,40.0,57.5,200.0,67.14441982662889,33.18518518518518,919.53
2009-05-13,56.81578947368421,-25.0,20.0,50.0,75.0,200.0,50.70910603533696,56.81578947368421,883.92
2009-05-20,50.41463414634146,-50.0,15.0,50.0,80.0,200.0,45.67380399318207,50.41463414634146,903.47
2009-05-27,40.34146341463415,-200.0,18.0,50.0,75.0,150.0,56.57829013792824,40.34146341463415,906.83
2009-06-03,51.46153846153846,-200.0,30.0,53.0,85.0,200.0,65.15812960823379,51.46153846153846,931.76
2009-06-10,64.8125,0.0,33.75,65.0,88.75,200.0,44.47150597573687,64.8125,939.15
2009-06-17,49.92307692307692,-50.0,10.5,50.0,65.0,200.0,52.62707922216111,49.92307692307692,910.71
2009-06-24,27.97222222222222,-200.0,0.0,38.5,65.0,200.0,66.26105195492175,27.97222222222222,900.94
2009-07-01,35.666666666666664,-75.0,0.0,30.0,65.0,200.0,54.89305842497632,35.666666666666664,923.33
2009-07-08,21.64864864864865,-200.0,0.0,20.0,60.0,200.0,64.1612058491086,21.64864864864865,879.56
2009-07-15,22.606060606060606,-150.0,0.0,16.0,55.0,120.0,52.811235830415114,22.606060606060606,932.68
2009-07-22,37.37837837837838,-200.0,0.0,45.0,73.0,140.0,57.645867319279404,37.37837837837838,954.07
2009-07-29,37.411764705882355,-200.0,20.0,47.5,68.75,150.0,61.365403956693434,37.411764705882355,975.15
2009-08-05,69.0,0.0,40.0,67.5,98.5,200.0,44.58298842768234,69.0,1002.72
2009-08-12,51.5625,-50.0,19.25,50.0,72.5,200.0,54.16695112104797,51.5625,1005.81
2009-08-19,31.216216216216218,-200.0,0.0,40.0,70.0,200.0,76.38598114453141,31.216216216216218,996.46
2009-08-26,55.21212121212121,-200.0,35.0,50.0,80.0,200.0,71.14166727574766,55.21212121212121,1028.12
2009-09-02,54.70967741935484,-200.0,25.0,50.0,95.0,200.0,81.41339889263179,54.70967741935484,994.75
2009-09-09,63.06060606060606,-200.0,40.0,70.0,100.0,200.0,63.3551506571029,63.06060606060606,1033.37
2009-09-16,68.0,-200.0,50.0,75.0,97.5,200.0,63.58687225033675,68.0,1068.76
2009-09-23,80.63888888888889,-50.0,50.0,77.5,100.0,200.0,53.31882759910621,80.63888888888889,1060.87
2009-09-30,86.4090909090909,20.0,50.0,77.5,98.75,200.0,49.477873007591704,86.4090909090909,1057.08
2009-10-07,67.85714285714286,-200.0,50.0,75.0,100.0,200.0,71.40353847059997,67.85714285714286,1057.58
2009-10-14,74.38235294117646,-200.0,50.0,80.0,100.0,200.0,61.73282790803035,74.38235294117646,1092.02
2009-10-21,77.83333333333333,-80.0,50.0,85.0,100.0,200.0,52.22999351160425,77.83333333333333,1081.4
2009-10-28,74.67567567567568,-50.0,40.0,80.0,100.0,200.0,64.59857502154155,74.67567567567568,1042.63
2009-11-04,64.94444444444444,-50.0,23.75,71.5,100.0,200.0,61.13143601401657,64.94444444444444,1046.5
2009-11-11,69.20588235294117,-100.0,50.0,65.0,100.0,200.0,53.907207534999,69.20588235294117,1098.51
2009-11-18,65.5625,0.0,22.25,77.5,96.25,150.0,44.75693905697752,65.5625,1109.8
2009-11-25,67.06896551724138,-100.0,35.0,68.0,100.0,200.0,56.685418081441156,67.06896551724138,1110.63
2009-12-02,82.1875,10.0,50.0,77.5,100.0,200.0,49.32699406765022,82.1875,1109.24
2009-12-09,68.74358974358974,-50.0,36.0,65.0,100.0,200.0,56.94789248873581,68.74358974358974,1095.95
2009-12-16,75.56756756756756,-50.0,40.0,82.0,100.0,200.0,53.68453425715452,75.56756756756756,1109.18
2009-12-23,61.083333333333336,-200.0,35.0,72.5,100.0,160.0,65.36494770814774,61.083333333333336,1120.59
2009-12-30,74.55882352941177,-50.0,38.5,75.0,100.0,200.0,53.70463402969036,74.55882352941177,1126.42
2010-01-06,70.64864864864865,-125.0,50.0,80.0,100.0,200.0,54.77137554649263,70.64864864864865,1137.14
2010-01-13,72.97435897435898,-125.0,45.0,85.0,100.0,200.0,57.83375253501534,72.97435897435898,1145.68
2010-01-20,63.833333333333336,-200.0,47.5,76.5,100.0,200.0,79.25258495608975,63.833333333333336,1138.04
2010-01-27,61.9054054054054,-125.0,30.0,70.0,90.0,200.0,66.11290893266117,61.9054054054054,1097.5
2010-02-03,33.17948717948718,-200.0,7.5,47.0,79.0,160.0,68.48090574035267,33.17948717948718,1097.28
2010-02-10,21.763157894736842,-200.0,0.0,30.0,58.75,160.0,68.82068011201525,21.763157894736842,1068.13
2010-02-17,36.51428571428571,-200.0,22.5,50.0,70.0,140.0,59.03237437618274,36.51428571428571,1099.51
2010-02-24,44.54545454545455,-125.0,18.0,50.0,80.0,200.0,60.995325657513426,44.54545454545455,1105.24
2010-03-03,54.885714285714286,-125.0,30.0,50.0,82.5,200.0,61.01651833892263,54.885714285714286,1118.79
2010-03-10,51.189189189189186,-200.0,35.0,70.0,100.0,150.0,68.94840916489382,51.189189189189186,1145.61
2010-03-17,77.3030303030303,-100.0,50.0,95.0,100.0,200.0,55.495282272042076,77.3030303030303,1166.21
2010-03-24,76.45161290322581,-125.0,50.0,80.0,100.0,200.0,57.75635069657396,76.45161290322581,1167.72
2010-03-31,83.26470588235294,0.0,50.5,95.0,100.0,200.0,46.37463101075936,83.26470588235294,1169.43
2010-04-07,85.91176470588235,-50.0,51.0,95.0,107.5,200.0,50.0354977796992,85.91176470588235,1182.45
2010-04-14,77.22222222222223,-100.0,52.25,90.0,100.0,150.0,45.14920394961522,77.22222222222223,1210.65
2010-04-21,81.63888888888889,0.0,50.0,80.0,100.0,200.0,42.33080883403021,81.63888888888889,1205.94
2010-04-28,83.90789473684211,0.0,51.0,80.0,100.0,200.0,46.0311472442356,83.90789473684211,1191.36
2010-05-05,67.89285714285714,-125.0,40.0,71.0,100.0,200.0,73.78314716872985,67.89285714285714,1165.87
2010-05-12,42.38636363636363,-200.0,20.75,52.5,85.0,160.0,67.42005902922462,42.38636363636363,1171.67
2010-05-19,40.38461538461539,-125.0,6.0,35.0,72.5,200.0,65.23630237780951,40.38461538461539,1115.05
2010-05-26,40.666666666666664,-50.0,15.0,27.5,53.75,200.0,45.43860326491855,40.666666666666664,1067.95
2010-06-02,27.05,-200.0,13.75,27.5,50.0,110.0,55.842613656597415,27.05,1098.38
2010-06-09,34.76190476190476,-125.0,8.5,30.0,61.25,200.0,50.5662269766847,34.76190476190476,1055.69
2010-06-16,30.416666666666668,-200.0,13.25,37.5,65.25,130.0,60.16799398351253,30.416666666666668,1114.61
2010-06-23,54.24324324324324,-125.0,25.0,50.0,85.0,200.0,59.384867216709665,54.24324324324324,1092.04
2010-06-30,36.054054054054056,-125.0,10.0,40.0,50.0,200.0,51.87716570325024,36.054054054054056,1030.71
2010-07-07,13.473684210526315,-200.0,0.0,25.0,50.0,100.0,60.791159694094574,13.473684210526315,1060.27
2010-07-14,49.85,-125.0,21.5,50.0,80.0,200.0,52.381556868806406,49.85,1095.17
2010-07-21,45.333333333333336,-125.0,17.0,40.0,65.0,200.0,55.49790170823663,45.333333333333336,1069.59
2010-07-28,50.21212121212121,-125.0,22.0,40.0,96.0,200.0,63.64854140334393,50.21212121212121,1106.13
2010-08-04,59.111111111111114,-125.0,28.75,60.0,100.0,200.0,58.51627398414611,59.111111111111114,1127.24
2010-08-11,54.67567567567568,-125.0,30.0,60.0,90.0,200.0,70.16815865767269,54.67567567567568,1089.47
2010-08-18,56.078947368421055,-125.0,42.75,50.0,78.75,155.0,53.947041077312385,56.078947368421055,1094.16
2010-08-25,43.94444444444444,-60.0,20.0,50.0,66.25,200.0,55.90813121364789,43.94444444444444,1055.33
2010-09-01,52.78378378378378,-125.0,20.0,50.0,80.0,200.0,62.56418763855381,52.78378378378378,1080.29
2010-09-08,48.26470588235294,-200.0,24.0,50.0,78.75,180.0,72.42330987429936,48.26470588235294,1098.87
2010-09-15,42.303030303030305,-200.0,22.0,50.0,85.0,155.0,73.38874690737978,42.303030303030305,1125.07
2010-09-22,55.294117647058826,-150.0,36.25,55.0,87.25,200.0,74.42782900302686,55.294117647058826,1134.28
2010-09-29,68.26470588235294,-125.0,42.5,66.0,95.0,200.0,65.97473171535823,68.26470588235294,1144.73
2010-10-06,76.41666666666667,-125.0,50.0,77.5,100.0,200.0,59.69290624149201,76.41666666666667,1159.97
2010-10-13,67.13513513513513,-125.0,50.0,80.0,100.0,170.0,55.00720452182662,67.13513513513513,1178.1
2010-10-20,72.17142857142858,-125.0,50.0,80.0,100.0,175.0,54.037281159418455,72.17142857142858,1178.17
2010-10-27,57.65625,-200.0,50.0,75.0,96.25,175.0,74.05344749528884,57.65625,1182.45
2010-11-03,69.47058823529412,-125.0,42.5,77.5,100.0,200.0,57.59913974751689,69.47058823529412,1197.96
2010-11-11,71.45714285714286,-200.0,65.0,97.0,100.0,200.0,73.62893175808497,71.45714285714286,1218.71
2010-11-17,66.58974358974359,-125.0,50.0,80.0,100.0,200.0,64.71226965208373,66.58974358974359,1178.59
2010-11-24,66.66666666666667,-200.0,50.0,85.0,100.0,200.0,68.72812783391932,66.66666666666667,1198.35
2010-12-01,62.47222222222222,-200.0,50.0,81.5,100.0,200.0,71.39657870386566,62.47222222222222,1206.07
2010-12-08,63.10526315789474,-125.0,50.0,82.5,100.0,145.0,56.848732557127434,63.10526315789474,1228.28
2010-12-15,74.74358974358974,-125.0,72.5,90.0,100.0,150.0,48.87646276844067,74.74358974358974,1235.23
2010-12-22,81.825,-40.0,70.0,92.5,100.0,130.0,30.939366105335772,81.825,1258.84
2010-12-29,80.21212121212122,20.0,55.0,85.0,100.0,150.0,25.867679114547297,80.21212121212122,1259.78
2011-01-05,78.51351351351352,-50.0,55.0,90.0,100.0,140.0,35.99596195192472,78.51351351351352,1276.56
2011-01-12,76.88095238095238,0.0,50.0,85.5,100.0,150.0,34.5248029413723,76.88095238095238,1285.96
2011-01-19,70.82857142857142,-100.0,50.0,85.0,100.0,150.0,48.20461490313125,70.82857142857142,1281.92
2011-01-26,76.17647058823529,-50.0,56.25,95.0,100.0,150.0,44.563550516112116,76.17647058823529,1296.63
2011-02-02,82.125,0.0,62.5,91.5,100.0,160.0,37.30092994819298,82.125,1304.03
2011-02-09,86.27777777777777,0.0,70.0,96.5,100.0,165.0,36.241942484664484,86.27777777777777,1302.88
2011-02-16,83.73170731707317,-50.0,70.0,97.0,100.0,160.0,39.53079959471176,83.73170731707317,1336.32
2011-02-23,68.125,-100.0,48.75,79.0,100.0,160.0,53.939404659302646,68.125,1307.4
2011-03-02,70.91666666666667,-100.0,50.0,75.0,100.0,160.0,43.94275000244953,70.91666666666667,1308.44
2011-03-09,75.34210526315789,-10.0,58.5,77.5,95.0,165.0,34.894786457057684,75.34210526315789,1320.02
2011-03-16,41.0,-200.0,21.25,50.0,80.0,160.0,64.31692364119002,41.0,1256.88
2011-03-23,50.833333333333336,-100.0,18.75,50.0,83.75,160.0,54.669969412425644,50.833333333333336,1297.54
2011-03-30,70.91891891891892,0.0,50.0,72.0,95.0,160.0,33.43681283982249,70.91891891891892,1328.26
2011-04-06,80.78787878787878,0.0,59.0,80.0,100.0,200.0,39.172313642501635,80.78787878787878,1335.54
2011-04-13,80.63414634146342,0.0,60.0,78.0,100.0,200.0,38.72905010237461,80.63414634146342,1314.41
2011-04-20,82.95238095238095,0.0,62.25,82.5,100.0,200.0,41.71556314634599,82.95238095238095,1330.36
2011-04-27,81.9,0.0,50.0,82.5,100.0,200.0,43.741742077791095,81.9,1355.66
2011-05-04,76.12903225806451,-50.0,55.0,75.0,100.0,175.0,47.873989122981456,76.12903225806451,1347.32
2011-05-11,74.6590909090909,-125.0,50.0,85.0,100.0,200.0,51.77966570954022,74.6590909090909,1342.08
2011-05-18,68.41025641025641,-100.0,45.0,80.0,100.0,200.0,57.023035358289334,68.41025641025641,1340.68
2011-05-25,58.93023255813954,-125.0,45.0,60.0,85.0,200.0,56.87088409797628,58.93023255813954,1320.47
2011-06-01,52.857142857142854,-100.0,40.0,60.0,77.5,170.0,47.06356968863214,52.857142857142854,1314.55
2011-06-08,42.791666666666664,-125.0,27.25,50.0,72.5,167.0,58.561562455438484,42.791666666666664,1279.56
2011-06-15,25.952380952380953,-125.0,0.0,25.0,50.0,155.0,54.876464024706216,25.952380952380953,1265.42
2011-06-22,29.275,-125.0,0.0,28.5,54.75,117.0,48.129506282529015,29.275,1287.14
2011-06-29,31.975609756097562,-140.0,0.0,35.0,60.0,150.0,53.99886530193473,31.975609756097562,1307.41
2011-07-06,50.38709677419355,-170.0,32.0,55.0,84.0,150.0,57.89850820929329,50.38709677419355,1339.22
2011-07-13,53.93333333333333,-125.0,40.0,55.0,95.0,150.0,53.479549570113456,53.93333333333333,1317.72
2011-07-20,66.3076923076923,-125.0,47.5,66.0,95.5,200.0,49.79143878947302,66.3076923076923,1325.84
2011-07-27,62.695128205128206,-55.0,40.0,50.0,89.5,200.0,42.651475813694034,62.695128205128206,1304.89
2011-08-03,32.87179487179487,-125.0,0.0,42.0,60.0,150.0,50.43918881755839,32.87179487179487,1260.34
2011-08-10,21.404761904761905,-125.0,0.0,14.5,50.0,100.0,42.049324508367285,21.404761904761905,1120.76
2011-08-17,28.77777777777778,-125.0,0.0,20.0,50.0,200.0,47.51602718563677,28.77777777777778,1193.89
2011-08-24,20.170731707317074,-125.0,0.0,15.0,45.0,100.0,40.399772058656886,20.170731707317074,1177.6
2011-08-31,22.19047619047619,-140.0,0.0,15.0,50.0,100.0,44.78320162061094,22.19047619047619,1218.89
2011-09-07,25.31111111111111,-125.0,0.0,15.0,50.0,120.0,46.854774319627346,25.31111111111111,1198.62
2011-09-14,26.77777777777778,-125.0,0.0,10.0,50.0,200.0,50.572231681862235,26.77777777777778,1188.68
2011-09-21,27.903846153846153,-125.0,0.0,11.0,50.0,190.0,51.00009789409331,27.903846153846153,1166.76
2011-09-28,4.175,-125.0,0.0,0.0,26.25,90.0,38.96978797735497,4.175,1151.06
2011-10-05,-3.5609756097560976,-200.0,0.0,0.0,16.0,130.0,54.51786405837274,-3.5609756097560976,1144.03
2011-10-12,0.0,-200.0,-3.75,12.5,34.25,70.0,58.87539808782613,0.0,1207.25
2011-10-19,21.318181818181817,-125.0,0.0,23.5,47.75,100.0,40.918862469344425,21.318181818181817,1209.88
2011-10-26,38.116279069767444,-125.0,25.0,50.0,66.5,100.0,45.23386738106417,38.116279069767444,1242.0
2011-11-02,45.425,-125.0,18.75,50.0,85.0,150.0,55.32083129346485,45.425,1237.9
2011-11-09,44.05128205128205,-125.0,8.0,52.0,80.0,130.0,55.69051326381464,44.05128205128205,1229.1
2011-11-16,54.0,-125.0,30.0,60.0,85.0,150.0,51.999145292121014,54.0,1236.91
2011-11-23,34.772368421052626,-125.0,8.3375,34.5,50.0,150.0,45.87309539624165,34.772368421052626,1188.04
2011-11-30,30.021749999999997,-125.0,0.0,34.0,50.0,130.0,42.21616928899992,30.021749999999997,1246.96
2011-12-07,34.8,-125.0,11.25,40.0,58.75,100.0,43.6645314225153,34.8,1261.01
2011-12-14,35.6945,-125.0,19.5,38.5,50.0,175.0,48.19867093343965,35.6945,1211.82
2011-12-21,36.62404761904762,-125.0,23.6575,42.5,50.0,110.0,39.516792034075834,36.62404761904762,1243.72
2011-12-28,43.5609756097561,-50.0,30.0,45.0,54.0,100.0,28.563193765273795,43.5609756097561,1249.64
2012-01-04,43.13636363636363,-125.0,28.75,47.5,60.5,140.0,41.40300324476414,43.13636363636363,1277.3
2012-01-11,49.34146341463415,-125.0,35.0,50.0,84.0,100.0,47.072652594140706,49.34146341463415,1292.48
2012-01-18,52.5,-100.0,30.75,60.0,90.5,125.0,49.053078858054825,52.5,1308.04
2012-01-25,56.333333333333336,-125.0,40.0,65.0,100.0,125.0,53.51095422642192,56.333333333333336,1326.05
2012-02-01,67.52272727272727,-75.0,50.0,75.0,100.0,125.0,39.38475053088651,67.52272727272727,1324.09
2012-02-08,72.6590909090909,-40.0,50.0,72.0,100.0,150.0,36.81769780826642,72.6590909090909,1349.96
2012-02-15,73.0,-35.0,50.0,75.0,100.0,175.0,36.23357275886267,73.0,1343.23
2012-02-22,76.275,-60.0,50.0,87.5,100.0,150.0,37.17188958070332,76.275,1362.21
2012-02-29,73.78048780487805,-50.0,60.0,77.0,100.0,155.0,36.75994121065521,73.78048780487805,1365.68
2012-03-07,57.36842105263158,-200.0,40.0,53.5,96.0,150.0,56.66123758686662,57.36842105263158,1352.63
2012-03-14,71.78947368421052,-125.0,50.0,80.0,100.0,175.0,47.79845730539452,71.78947368421052,1394.28
2012-03-21,68.64102564102564,-125.0,55.0,75.0,99.0,155.0,47.06432432946516,68.64102564102564,1405.52
2012-03-28,71.97142857142858,-29.0,50.0,75.0,100.0,150.0,40.5952043010612,71.97142857142858,1405.54
2012-04-04,69.8157894736842,-50.0,50.0,70.0,100.0,150.0,38.549937035348876,69.8157894736842,1398.96
2012-04-11,51.92857142857143,-125.0,31.25,50.0,92.25,150.0,53.214477468494394,51.92857142857143,1368.71
2012-04-18,46.138888888888886,-125.0,33.75,50.0,77.5,175.0,56.900572530695925,46.138888888888886,1385.14
2012-04-25,48.306774193548385,-125.0,25.0,50.0,82.5,150.0,56.771006536281874,48.306774193548385,1390.69
2012-05-02,63.68333333333333,-125.0,43.75,67.5,95.0,175.0,50.543476884317684,63.68333333333333,1405.82
2012-05-09,64.20868421052633,-125.0,40.0,50.0,94.75,200.0,54.13749795761532,64.20868421052633,1354.58
2012-05-16,58.714,0.0,36.5,50.0,87.0,200.0,41.363917899541384,58.714,1324.8
2012-05-23,31.78,-125.0,13.0,40.0,50.0,135.0,45.49777201728218,31.78,1318.86
2012-05-30,28.651315789473685,-125.0,0.0,36.5,57.1,110.0,46.72961487283449,28.651315789473685,1313.32
2012-06-06,49.32088235294117,0.0,25.0,50.0,60.0,140.0,34.95674102857846,49.32088235294117,1315.13
2012-06-13,43.629428571428576,-10.0,22.5,40.0,62.16,125.0,29.532500348198187,43.629428571428576,1314.88
2012-06-20,52.33189189189189,-125.0,32.5,53.0,70.0,200.0,45.65945115969452,52.33189189189189,1355.69
2012-06-27,44.84411764705882,-125.0,30.0,50.0,64.5,200.0,48.13627121593854,44.84411764705882,1319.99
2012-07-05,63.28064516129032,-125.0,46.0,60.0,83.5,180.0,49.207476611003706,63.28064516129032,1367.58
2012-07-11,61.846388888888896,-125.0,37.1025,60.0,89.75,200.0,53.618962087056566,61.846388888888896,1341.47
2012-07-18,67.73514285714286,-125.0,47.5,70.0,92.5,200.0,52.76407806027715,67.73514285714286,1363.67
2012-07-25,74.38878787878788,0.0,33.0,65.0,100.0,200.0,50.011052339523104,74.38878787878788,1338.31
2012-08-01,67.80486486486485,-125.0,40.0,70.0,95.0,200.0,53.93779763923374,67.80486486486485,1379.32
2012-08-08,70.75333333333333,-30.0,45.0,80.0,97.0,163.0,39.4206666815284,70.75333333333333,1401.35
2012-08-15,76.25944444444445,-75.0,53.75,85.0,100.0,175.0,42.59730879243458,76.25944444444445,1403.93
2012-08-22,69.20545454545454,-125.0,40.0,80.0,100.0,200.0,59.56673975801807,69.20545454545454,1413.17
2012-08-29,82.894,-10.0,60.0,80.0,100.0,200.0,40.6674839714904,82.894,1410.49
2012-09-05,77.42564102564103,-125.0,55.0,80.0,100.0,200.0,50.15486129747118,77.42564102564103,1403.44
2012-09-12,72.99351351351352,-125.0,60.0,76.0,100.0,170.0,50.12497684659254,72.99351351351352,1433.56
2012-09-19,81.18612903225807,-125.0,70.0,95.0,102.5,175.0,52.94357889589567,81.18612903225807,1461.05
2012-09-26,69.75,-125.0,48.0,80.0,100.0,175.0,56.02151124543341,69.75,1441.59
2012-10-03,76.02941176470588,-125.0,50.75,95.0,100.0,200.0,57.26639775137498,76.02941176470588,1445.75
2012-10-10,64.59375,-125.0,30.0,80.0,100.0,175.0,66.48348449756149,64.59375,1432.56
2012-10-17,65.375,-160.0,48.75,85.5,100.0,170.0,71.7777603091654,65.375,1460.91
2012-10-24,64.38514285714285,-125.0,50.0,70.0,95.0,170.0,59.77836175031079,64.38514285714285,1408.75
2012-10-31,75.11314285714286,-125.0,50.0,85.0,100.0,200.0,59.216704581992914,75.11314285714286,1412.16
2012-11-07,57.9530303030303,-125.0,40.0,65.0,90.0,170.0,57.53837446671403,57.9530303030303,1428.39
2012-11-14,67.22,-125.0,23.75,77.5,99.65,170.0,64.79406042737766,67.22,1355.49
2012-11-21,64.2,-25.0,40.0,50.0,100.0,170.0,42.97858522425776,64.2,1391.03
2012-11-28,55.189189189189186,-125.0,20.0,70.0,100.0,150.0,58.262610437726366,55.189189189189186,1409.93
2012-12-05,75.71142857142857,-125.0,51.0,85.0,100.0,200.0,53.94735408011126,75.71142857142857,1409.28
2012-12-12,82.90555555555555,0.0,51.5,80.0,100.0,200.0,40.867278029986856,82.90555555555555,1427.84
2012-12-19,80.18666666666667,-100.0,62.5,81.5,100.0,200.0,49.81295503068342,80.18666666666667,1435.81
2012-12-26,88.10344827586206,0.0,67.0,85.0,100.0,200.0,44.51063013490087,88.10344827586206,1419.83
2013-01-02,75.98088235294118,-125.0,59.25,77.5,100.0,200.0,53.24693033779436,75.98088235294118,1462.42
2013-01-09,83.26666666666667,-100.0,65.0,90.0,100.0,150.0,43.58511468634931,83.26666666666667,1461.02
2013-01-16,84.6725,-200.0,67.75,97.5,100.0,200.0,60.84780147014353,84.6725,1472.63
2013-01-23,86.3839393939394,-125.0,66.0,95.0,100.0,190.0,53.9531402708613,86.3839393939394,1494.81
2013-01-30,104.25,60.0,85.25,97.5,110.0,180.0,32.239533185206014,104.25,1507.84
2013-02-06,94.06060606060606,-2.0,75.0,100.0,100.0,190.0,40.08471286779159,94.06060606060606,1512.12
2013-02-13,89.85387096774194,-2.0,80.0,99.0,100.0,162.0,38.38710256166938,89.85387096774194,1519.43
2013-02-20,91.06657894736841,-10.0,70.25,99.0,102.25,160.0,38.08029344454579,91.06657894736841,1530.94
2013-02-27,82.765625,-35.0,55.0,89.5,107.375,160.0,48.40276728513955,82.765625,1515.99
2013-03-06,90.14620689655172,-50.0,71.0,97.0,100.0,170.0,40.09400061870067,90.14620689655172,1541.46
2013-03-13,85.63793103448276,0.0,68.0,95.0,100.0,170.0,42.821783159517786,85.63793103448276,1554.52
2013-03-20,79.76862068965517,0.0,68.0,80.0,100.0,150.0,32.607118719705234,79.76862068965517,1558.71
2013-03-27,80.06363636363636,0.0,55.0,87.0,100.0,170.0,40.65914350319277,80.06363636363636,1562.85
2013-04-03,72.708,-125.0,56.25,87.5,100.0,170.0,61.56755089060039,72.708,1553.69
2013-04-10,77.25088235294118,-125.0,56.25,84.5,100.0,170.0,52.11655796315923,77.25088235294118,1587.73
2013-04-17,69.63,-125.0,50.0,80.0,100.0,170.0,53.35405726865603,69.63,1574.57
2013-04-24,69.90322580645162,-125.0,50.0,70.0,100.0,200.0,58.802213497238505,69.90322580645162,1578.79
2013-05-01,80.61290322580645,0.0,55.0,75.0,100.0,165.0,37.93770566238974,80.61290322580645,1597.57
2013-05-08,79.10612903225807,-125.0,71.5,95.0,100.0,165.0,54.9296426629568,79.10612903225807,1625.96
2013-05-15,84.23193548387097,-2.0,65.0,95.0,100.0,166.0,35.51560696636601,84.23193548387097,1658.78
2013-05-22,82.01823529411764,-125.0,71.0,92.5,100.0,166.0,47.22321621646487,82.01823529411764,1655.35
2013-05-29,77.19259259259259,-125.0,62.5,95.0,100.0,155.0,58.20055953610327,77.19259259259259,1648.36
2013-06-05,51.58387096774193,-125.0,30.0,50.0,90.0,200.0,58.97266779030716,51.58387096774193,1608.9
2013-06-12,61.897333333333336,-125.0,41.0,60.0,98.69,200.0,54.20965786852213,61.897333333333336,1612.52
2013-06-19,51.525357142857146,-125.0,30.0,50.0,90.0,130.0,49.42455870762913,51.525357142857146,1628.93
2013-06-26,34.214285714285715,-125.0,19.75,37.5,52.25,150.0,49.30398212174372,34.214285714285715,1603.26
2013-07-03,39.91034482758621,-50.0,20.0,40.0,59.0,100.0,35.218787549159295,39.91034482758621,1615.41
2013-07-10,47.0775,-125.0,23.75,47.5,90.0,200.0,55.8823671157932,47.0775,1652.62
2013-07-17,61.729166666666664,-125.0,50.0,78.5,100.0,107.5,53.110925423170286,61.729166666666664,1680.91
2013-07-24,87.49680000000001,15.0,75.0,95.0,100.0,200.0,33.44447705914984,87.49680000000001,1692.39
2013-07-31,74.05263157894737,-125.0,64.5,95.0,100.0,150.0,54.48464166428296,74.05263157894737,1685.73
2013-08-07,75.70370370370371,20.0,50.0,75.0,97.5,150.0,30.238330855873073,75.70370370370371,1697.37
2013-08-14,69.84615384615384,-70.0,50.0,70.5,88.75,200.0,42.699029269899285,69.84615384615384,1685.39
2013-08-21,34.76470588235294,-100.0,31.0,50.0,60.0,125.0,56.52852420188331,34.76470588235294,1642.8
2013-08-28,46.92307692307692,-100.0,40.0,50.0,77.25,125.0,45.73663998028704,46.92307692307692,1634.96
2013-09-04,42.25925925925926,-100.0,30.0,50.0,69.5,100.0,44.32004194458554,42.25925925925926,1653.08
2013-09-11,66.75,0.0,43.75,67.5,96.25,125.0,31.097341411399512,66.75,1689.13
2013-09-18,62.48148148148148,0.0,42.5,70.0,95.0,100.0,32.05477992942287,62.48148148148148,1725.52
2013-09-25,80.46555555555554,-100.0,55.0,100.0,100.0,150.0,48.279990820009985,80.46555555555554,1692.77
2013-10-02,73.13333333333334,-150.0,52.5,92.5,100.0,150.0,55.2682750067543,73.13333333333334,1693.87
2013-10-09,54.26086956521739,-125.0,45.0,50.0,97.5,150.0,64.64835812253479,54.26086956521739,1655.45
2013-10-16,82.04545454545455,5.0,56.25,100.0,100.0,130.0,30.40107245824677,82.04545454545455,1721.54
2013-10-23,79.37037037037037,-100.0,64.0,95.0,100.0,150.0,46.05081585166072,79.37037037037037,1746.38
2013-10-30,94.5925925925926,-5.0,87.5,100.0,100.0,150.0,29.663869105622428,94.5925925925926,1763.31
2013-11-06,84.8076923076923,0.0,62.0,100.0,100.0,150.0,29.76319258977596,84.8076923076923,1762.97
2013-11-13,80.66666666666667,-100.0,72.5,98.0,100.0,150.0,53.718056830358535,80.66666666666667,1782.0
2013-11-20,87.42857142857143,-100.0,73.25,100.0,100.0,150.0,47.32066037112314,87.42857142857143,1781.37
2013-11-27,101.44851851851851,50.0,95.0,100.0,106.555,163.0,26.84883647436958,101.44851851851851,1807.23
2013-12-04,94.74875000000002,0.0,87.25,100.0,100.0,163.0,30.228012575603316,94.74875000000002,1792.81
2013-12-11,100.69347826086955,0.0,86.5,100.0,118.975,165.0,35.62829940281303,100.69347826086955,1782.22
2013-12-18,94.34615384615384,0.0,89.75,100.0,100.0,165.0,29.56471689712419,94.34615384615384,1810.65
2013-12-26,98.94444444444444,50.0,95.0,100.0,100.0,165.0,25.48504766173663,98.94444444444444,1842.02
2014-01-02,95.03225806451613,25.0,90.5,100.0,100.0,165.0,29.440463564644233,95.03225806451613,1831.98
2014-01-08,92.274,0.0,91.0,100.0,100.0,170.0,36.86800542475821,92.274,1837.49
2014-01-15,96.83423076923077,15.0,95.0,100.0,100.0,170.0,33.543405654015224,96.83423076923077,1848.38
2014-01-22,95.13384615384615,10.0,86.0,100.0,100.0,170.0,33.2812054927891,95.13384615384615,1844.86
2014-01-29,70.94111111111111,-125.0,65.0,82.0,100.0,120.0,48.6755678567065,70.94111111111111,1774.2
2014-02-05,50.971923076923076,-125.0,31.25,55.0,80.0,135.0,48.89985543625247,50.971923076923076,1751.64
2014-02-12,73.26,-125.0,60.0,80.0,100.0,150.0,50.456539714887306,73.26,1819.26
2014-02-19,75.94793103448275,-125.0,60.0,80.0,100.0,200.0,53.89352896855892,75.94793103448275,1840.76
2014-02-26,91.62028571428571,40.0,77.5,90.0,100.0,200.0,32.17325317586593,91.62028571428571,1845.16
2014-03-05,89.06115384615386,15.0,76.25,97.795,100.0,162.0,28.177917475995674,89.06115384615386,1873.81
2014-03-12,85.2046875,-50.0,71.5,94.775,100.0,160.0,38.59196070624481,85.2046875,1868.2
2014-03-18,67.77057142857143,-200.0,57.5,80.0,100.0,200.0,62.434033436115925,67.77057142857143,2099.5
2014-03-19,89.83935483870968,0.0,70.0,97.0,100.0,200.0,38.47423955403389,89.83935483870968,1860.77
2014-03-26,91.12266666666667,30.0,71.25,95.5,100.0,175.0,30.02206465621944,91.12266666666667,1852.56
2014-04-02,91.43242424242425,-50.0,65.0,85.0,100.0,200.0,44.18813847631328,91.43242424242425,1890.9
2014-04-09,85.20862068965518,0.0,66.0,90.0,100.0,150.0,31.3233637296329,85.20862068965518,1872.18
2014-04-16,75.91999999999999,0.0,55.0,75.0,100.0,167.0,35.606324792337006,75.91999999999999,1862.31
2014-04-23,76.57575757575758,-50.0,60.0,80.0,100.0,167.0,35.38278155383894,76.57575757575758,1875.39
2014-04-30,82.62611111111111,-50.0,59.25,85.0,100.0,210.0,45.80306244478625,82.62611111111111,1878.33
2014-05-07,76.8125,-9.0,50.0,78.0,100.0,177.0,37.39521819364075,76.8125,1867.12
2014-05-14,78.18,0.0,58.75,81.5,100.0,177.0,30.36417113785405,78.18,1888.53
2014-05-21,67.22945945945945,-125.0,50.0,75.0,100.0,177.0,46.92627685175201,67.22945945945945,1888.03
2014-05-28,72.52052631578947,-125.0,52.75,87.5,100.0,200.0,56.38129411461554,72.52052631578947,1909.78
2014-06-04,90.86457142857144,0.0,67.5,90.0,100.0,200.0,42.34923702081179,90.86457142857144,1927.88
2014-06-11,87.30058823529413,0.0,70.0,95.0,100.0,200.0,38.373204647880215,87.30058823529413,1943.89
2014-06-18,88.59375,-50.0,68.75,97.5,100.0,200.0,44.31411976940871,88.59375,1956.98
2014-06-25,88.15466666666667,-100.0,70.0,100.0,109.48,200.0,60.45119572753616,88.15466666666667,1959.53
2014-07-02,85.47682926829269,-50.0,67.0,95.0,100.0,200.0,47.49836466704955,85.47682926829269,1974.62
2014-07-09,82.46828571428573,0.0,64.5,100.0,100.0,150.0,35.064608489041966,82.46828571428573,1972.83
2014-07-16,81.91411764705882,-50.0,67.75,97.5,100.0,150.0,44.72121342387533,81.91411764705882,1981.57
2014-07-23,82.74617647058824,-50.0,70.0,91.5,100.0,170.0,39.312318980389804,82.74617647058824,1987.01
2014-07-30,81.62,-50.0,70.0,89.0,100.0,150.0,34.47072790576,81.62,1970.07
2014-08-06,50.867948717948714,-125.0,35.0,50.0,80.0,200.0,51.80301506815231,50.867948717948714,1920.24
2014-08-13,50.61238095238096,-125.0,27.25,62.5,82.25,100.0,45.922649241726944,50.61238095238096,1946.72
2014-08-20,56.77111111111111,-125.0,29.25,68.0,85.19,200.0,62.55783358788791,56.77111111111111,1986.51
2014-08-27,78.84277777777778,-50.0,61.25,86.5,100.0,200.0,47.65914443041865,78.84277777777778,2000.12
2014-09-03,82.49142857142857,-100.0,55.5,80.0,100.0,202.2,59.213557190072954,82.49142857142857,2000.72
2014-09-10,63.629117647058834,-125.0,46.25,75.0,95.0,200.0,57.333019762644675,63.629117647058834,1995.69
2014-09-17,67.07783783783785,-125.0,50.0,75.0,95.0,200.0,49.13339543199111,67.07783783783785,2001.57
2014-09-24,59.75564102564103,-125.0,50.0,66.0,91.735,200.0,55.537677707137746,59.75564102564103,1998.3
2014-10-01,41.03225806451613,-125.0,14.0,50.0,83.75,200.0,66.80652559924876,41.03225806451613,1946.16
2014-10-08,33.139117647058825,-150.0,17.75,50.0,63.75,200.0,66.57035528042967,33.139117647058825,1968.89
2014-10-15,9.974193548387099,-200.0,0.0,30.0,50.0,85.0,67.68697386352302,9.974193548387099,1862.49
2014-10-22,41.37837837837838,-200.0,10.0,50.0,81.0,150.0,62.311923006128566,41.37837837837838,1927.11
2014-10-29,74.78378378378379,-125.0,50.0,80.0,96.0,200.0,65.53279976578476,74.78378378378379,1982.3
2014-11-05,77.68135135135135,-125.0,60.0,80.0,100.0,200.0,62.90561940103525,77.68135135135135,2023.57
2014-11-12,85.4321052631579,-125.0,65.5,86.5,100.0,200.0,59.75376694392513,85.4321052631579,2038.25
2014-11-19,72.06382352941176,-125.0,52.5,77.5,99.0425,200.0,54.68520888389053,72.06382352941176,2048.72
2014-11-25,86.77999999999999,-200.0,80.0,100.0,107.86,200.0,64.44363738958255,86.77999999999999,2067.03
2014-12-03,86.06375,-100.0,70.0,90.0,100.0,200.0,53.37240378639039,86.06375,2074.33
2014-12-10,89.01189189189189,-100.0,70.0,99.0,100.0,200.0,52.55040009814197,89.01189189189189,2026.14
2014-12-17,65.11657142857143,-125.0,50.0,80.0,99.5,200.0,61.82397380318033,65.11657142857143,2012.89
2014-12-24,90.5925,0.0,75.0,95.0,100.0,180.0,32.707053916439136,90.5925,2082.17
2014-12-31,95.86323529411764,0.0,72.5,100.0,103.26249999999999,200.0,43.310807829305034,95.86323529411764,2080.35
2015-01-07,71.11428571428571,-200.0,62.5,85.0,100.0,200.0,73.52075369914128,71.11428571428571,2025.9
2015-01-14,87.12578947368421,-50.0,66.25,84.0,100.0,200.0,53.38053240804373,87.12578947368421,2011.27
2015-01-21,89.01189189189189,-100.0,70.0,99.0,100.0,200.0,52.55040009814197,89.01189189189189,2032.12
2015-01-28,92.62228571428571,0.0,72.5,95.0,100.0,200.0,39.19736690032088,92.62228571428571,2002.16
2015-02-04,88.24233333333333,0.0,72.5,95.13499999999999,100.0,200.0,44.06400312298261,88.24233333333333,2041.51
2015-02-11,84.054375,0.0,68.0,93.5,100.0,200.0,37.00767360777188,84.054375,2068.53
2015-02-18,87.81138888888889,0.0,73.75,92.0,100.0,200.0,42.56146647645664,87.81138888888889,2099.68
2015-02-25,99.22647058823529,-50.0,81.0,100.0,107.75,200.0,45.402755221031484,99.22647058823529,2113.86
2015-03-04,92.15133333333333,-50.0,76.25,98.5,100.0,200.0,48.21127272974882,92.15133333333333,2098.53
2015-03-11,65.679,-200.0,40.25,74.5,98.75,200.0,67.38342171731362,65.679,2044.16
2015-03-25,84.3214814814815,0.0,72.5,90.0,100.0,175.0,30.956834906605707,84.3214814814815,2061.05
2015-04-01,75.86384615384615,-100.0,71.25,85.0,100.0,200.0,54.50008102159983,75.86384615384615,2059.69
2015-04-08,86.72555555555556,0.0,80.0,95.0,100.0,150.0,28.29136399227172,86.72555555555556,2081.9
2015-04-15,86.66774193548386,0.0,77.5,94.0,100.0,200.0,40.54375085769474,86.66774193548386,2106.63
2015-04-22,75.88470588235293,-200.0,69.75,90.0,100.0,165.0,59.57120169991804,75.88470588235293,2107.96
2015-04-29,90.59666666666666,0.0,80.0,100.0,100.0,200.0,34.27313982014654,90.59666666666666,2114.76
2015-05-06,80.30434782608695,-50.0,63.0,87.0,100.0,200.0,56.955691995283715,80.30434782608695,2089.46
2015-05-13,60.37862068965517,-150.0,50.0,82.98,97.0,100.0,54.76404658256641,60.37862068965517,2098.48
2015-05-20,67.60514285714285,-150.0,50.0,80.0,100.0,200.0,55.757136500127764,67.60514285714285,2125.85
2015-05-27,65.50393939393939,-150.0,50.0,80.0,100.0,200.0,59.13968989472984,65.50393939393939,2123.48
2015-06-03,71.0696875,-150.0,63.65,81.0,100.0,200.0,58.56569001367049,71.0696875,2114.07
2015-06-10,68.70366666666665,-150.0,50.0,86.0,100.0,200.0,58.28572658226218,68.70366666666665,2105.2
2015-06-17,58.63689655172413,-150.0,45.0,75.0,89.87,100.0,51.05733539135351,58.63689655172413,2100.44
2015-06-24,58.96379310344827,-150.0,42.0,75.0,85.35,200.0,58.04547696381858,58.96379310344827,2108.58
2015-07-01,54.84285714285714,-150.0,34.75,63.8,90.0,200.0,60.13457187586753,54.84285714285714,2077.42
2015-07-08,54.99066666666666,-150.0,21.25,62.5,86.5,200.0,64.152197101026,54.99066666666666,2046.68
2015-07-15,52.239999999999995,-150.0,50.0,69.0,81.23,200.0,62.876249643492336,52.239999999999995,2107.4
2015-07-22,52.341923076923074,-150.0,16.75,68.5,89.25,200.0,69.11528952628193,52.341923076923074,2114.15
2015-07-29,50.75,-150.0,1.5,64.0,82.5,200.0,65.00558238136738,50.75,2108.57
2015-08-05,63.167857142857144,-150.0,48.75,76.0,100.0,200.0,63.076909141434115,63.167857142857144,2099.84
2015-08-12,48.07903225806451,-150.0,1.5,50.0,82.0,200.0,62.18953570076222,48.07903225806451,2086.05
2015-08-19,41.48030303030303,-150.0,0.0,50.0,80.45,175.0,56.90542118738981,41.48030303030303,2079.61
2015-08-26,28.313750000000002,-150.0,0.0,27.5,63.75,100.0,54.437212556646394,28.313750000000002,1867.61
2015-09-02,23.848214285714285,-100.0,0.0,19.5,51.0375,150.0,45.740626444393065,23.848214285714285,1913.85
2015-09-09,26.035714285714285,-67.0,0.0,18.0,51.25,150.0,39.805313843808364,26.035714285714285,1942.04
2015-09-16,31.573548387096775,-100.0,0.0,25.0,55.0,150.0,43.80654344614822,31.573548387096775,1995.31
2015-09-23,21.33551724137931,-100.0,0.0,19.0,48.6,150.0,51.71668586777633,21.33551724137931,1938.76
2015-09-30,16.391290322580645,-150.0,0.0,25.0,38.5,200.0,58.081158609585614,16.391290322580645,1920.03
2015-10-07,38.298148148148144,-50.0,0.0,22.0,70.0,200.0,56.82515822839173,38.298148148148144,1995.83
2015-10-14,44.26923076923077,-100.0,0.0,27.5,83.75,200.0,67.17492531976478,44.26923076923077,1994.24
2015-10-21,35.666666666666664,-50.0,0.0,33.0,60.0,150.0,45.345586579315764,35.666666666666664,2018.94
2015-10-28,56.71206896551724,-100.0,25.0,50.0,95.0,200.0,57.37416764503657,56.71206896551724,2090.35
2015-11-04,69.16451612903225,-100.0,50.0,75.0,99.75,200.0,51.179056631292994,69.16451612903225,2102.31
2015-11-11,68.58275862068966,-50.0,50.0,75.0,97.9,200.0,53.10794517457697,68.58275862068966,2075.0
2015-11-18,58.46548387096774,-100.0,48.3,63.0,95.0,200.0,58.42244706908521,58.46548387096774,2083.58
2015-11-25,70.4451724137931,-50.0,56.0,74.4,95.0,150.0,34.7402245859266,70.4451724137931,2089.14
2015-12-02,68.11538461538461,-50.0,40.25,75.0,100.0,200.0,53.47560689271678,68.11538461538461,2079.51
2015-12-09,67.91620689655173,-36.0,30.0,80.0,100.0,200.0,49.78263832618571,67.91620689655173,2047.62
2015-12-16,61.323703703703714,-150.0,28.0,70.0,92.5,200.0,64.68279478994498,61.323703703703714,2073.07
2015-12-23,56.65724137931034,-150.0,47.0,66.0,95.0,200.0,58.63203684091275,56.65724137931034,2064.29
2015-12-30,47.669375,-150.0,18.75,60.0,80.0,200.0,60.9526000233737,47.669375,2063.36
2016-01-06,50.257,-150.0,6.25,57.5,83.75,200.0,66.58828791661989,50.257,1990.26
2016-01-13,34.49629629629629,-150.0,5.0,50.0,69.2,200.0,64.93464224942151,34.49629629629629,1890.28
2016-01-27,42.25,0.0,0.0,38.0,62.75,150.0,41.40576650661113,42.25,1882.85
2016-02-03,22.40740740740741,-50.0,0.0,5.0,49.5,100.0,31.776137400465753,22.40740740740741,1912.53
2016-02-10,32.871428571428574,-100.0,0.0,27.5,50.0,200.0,53.12885184115297,32.871428571428574,1851.86
2016-02-17,41.05172413793103,-9.0,0.0,45.0,65.0,150.0,38.55277279432436,41.05172413793103,1926.82
2016-02-24,31.654838709677424,-100.0,0.0,34.4,59.0,200.0,57.38609384606578,31.654838709677424,1929.8
2016-03-02,54.43636363636364,-100.0,25.0,50.0,90.0,200.0,56.2161080020493,54.43636363636364,1986.45
2016-03-09,51.012903225806454,-50.0,20.5,50.0,75.0,200.0,49.345050684492676,51.012903225806454,1989.26
2016-03-16,62.71666666666667,-50.0,33.5,62.5,97.5,200.0,47.46993492961858,62.71666666666667,2027.22
2016-03-23,59.58529411764706,-100.0,32.625,62.5,98.75,200.0,55.94250269040916,59.58529411764706,2036.71
2016-03-30,67.94117647058823,-100.0,46.25,67.5,100.0,200.0,51.171281684204004,67.94117647058823,2063.95
2016-04-06,73.2078947368421,-50.0,50.0,71.25,100.0,200.0,44.98729868458749,73.2078947368421,2066.66
2016-04-13,63.972972972972975,-100.0,50.0,67.0,100.0,200.0,52.26775476772203,63.972972972972975,2082.42
2016-04-20,82.49714285714286,-100.0,57.5,95.0,100.0,200.0,59.27468978391697,82.49714285714286,2102.4
2016-04-27,74.18823529411765,-50.0,45.8,87.5,100.0,200.0,56.059043268503345,74.18823529411765,2095.15
2016-05-04,67.65882352941176,-100.0,33.0,82.5,100.0,200.0,63.5576168325988,67.65882352941176,2051.12
2016-05-11,49.54666666666667,-100.0,7.0,60.0,98.75,150.0,60.325228184861054,49.54666666666667,2064.46
2016-05-18,60.16875,-150.0,38.05,77.5,100.0,200.0,66.02514879526967,60.16875,2047.63
2016-05-25,64.66666666666667,-150.0,25.75,77.5,100.0,200.0,65.83886052746931,64.66666666666667,2090.54
2016-06-01,68.94117647058823,-150.0,53.75,87.5,100.0,200.0,58.2044778833617,68.94117647058823,2099.33
2016-06-08,74.8,-150.0,60.0,95.0,100.0,200.0,67.61411005690955,74.8,2119.12
2016-06-15,75.95862068965518,-150.0,50.0,99.0,100.0,200.0,74.11356391861203,75.95862068965518,2071.5
2016-06-22,69.3483870967742,-150.0,39.9,95.0,100.0,200.0,73.15147285782776,69.3483870967742,2085.45
2016-06-29,74.51515151515152,-150.0,64.0,80.0,100.0,200.0,61.14519293383935,74.51515151515152,2070.77
2016-07-06,65.43333333333334,-100.0,50.0,72.0,100.0,155.0,59.461294600399974,65.43333333333334,2099.73
2016-07-13,96.5234375,-100.0,80.0,100.0,100.0,200.0,55.474316952158986,96.5234375,2152.43
2016-07-20,92.6396551724138,-50.0,70.0,98.0,100.0,200.0,47.6428295059117,92.6396551724138,2173.02
2016-07-27,101.01774193548388,0.0,87.5,100.0,100.0,200.0,38.757015074458316,101.01774193548388,2169.18
2016-08-03,93.0530303030303,0.0,70.0,95.0,100.0,200.0,40.89879219412813,93.0530303030303,2157.03
2016-08-10,92.86290322580645,0.0,75.0,95.0,100.0,200.0,44.68491115711955,92.86290322580645,2181.74
2016-08-17,98.79193548387097,36.8,77.5,100.0,100.0,200.0,38.35154052668587,98.79193548387097,2178.15
2016-08-24,97.80000000000001,0.0,76.0,100.0,100.0,200.0,52.84534765928566,97.80000000000001,2175.44
2016-08-31,88.1,-50.0,71.0,100.0,100.0,200.0,50.592178955136646,88.1,2176.12
2016-09-07,90.85428571428572,-20.0,73.2,100.0,100.0,200.0,45.8727017663767,90.85428571428572,2186.48
2016-09-14,68.55,-100.0,37.25,96.75,100.0,200.0,74.8140305468611,68.55,2125.77
2016-09-21,79.31481481481481,-50.0,69.0,93.5,100.0,185.0,53.63234723010127,79.31481481481481,2163.12
2016-09-28,84.51666666666667,-50.0,69.25,94.25,100.0,200.0,48.89657168168564,84.51666666666667,2171.37
2016-10-05,78.48529411764706,-50.0,65.0,95.0,100.0,200.0,61.205113840328835,78.48529411764706,2159.73
2016-10-12,86.53225806451613,-100.0,70.5,90.0,100.0,200.0,57.78532790170526,86.53225806451613,2139.18
2016-10-19,63.703125,-150.0,45.0,90.0,100.0,200.0,79.94010056119754,63.703125,2144.29
2016-10-26,66.46969696969697,-150.0,50.0,90.0,100.0,200.0,73.1998032984958,66.46969696969697,2139.43
2016-11-02,58.083333333333336,-150.0,29.0,77.5,100.0,200.0,81.97297149399645,58.083333333333336,2097.94
2016-11-09,72.96296296296296,-150.0,45.0,95.0,100.0,200.0,70.25218145102868,72.96296296296296,2163.26
2016-11-15,83.421875,-50.0,67.5,98.5,100.0,200.0,45.03455433313818,83.421875,2176.94
2016-11-23,86.5625,5.0,69.0,91.75,100.0,150.0,31.902622834964525,86.5625,2204.72
2016-11-30,98.01785714285714,5.0,87.5,100.0,100.0,200.0,33.81210744236268,98.01785714285714,2198.81
2016-12-07,101.60344827586206,0.0,90.0,100.0,100.0,200.0,44.571790079241985,101.60344827586206,2241.35
2016-12-14,96.23214285714286,-50.0,75.75,99.5,100.0,200.0,51.22560083710536,96.23214285714286,2253.28
2016-12-21,101.32758620689656,30.0,90.0,100.0,100.0,200.0,31.324298121335335,101.32758620689656,2265.18
2016-12-28,100.59615384615384,25.0,81.25,99.0,100.0,200.0,40.560500686953205,100.59615384615384,2263.79
2017-01-04,99.42592592592592,0.0,82.5,100.0,102.5,200.0,41.3688699618498,99.42592592592592,2270.75
2017-01-11,89.29310344827586,0.0,69.0,93.5,100.0,200.0,36.188090354038536,89.29310344827586,2275.32
2017-01-18,94.08620689655173,0.0,85.0,100.0,100.0,200.0,37.743249902447104,94.08620689655173,2271.89
2017-01-25,99.28333333333333,0.0,80.0,99.0,100.0,200.0,38.125600177425255,99.28333333333333,2298.37
2017-02-01,94.01612903225806,0.0,80.0,100.0,100.0,200.0,35.21374453775752,94.01612903225806,2279.55
2017-02-08,96.26470588235294,0.0,80.25,100.0,100.0,200.0,37.200813418944776,96.26470588235294,2294.67
2017-02-15,95.89285714285714,0.0,83.75,100.0,100.0,200.0,46.401461865606194,95.89285714285714,2349.25
2017-02-22,100.82758620689656,0.0,85.0,100.0,100.0,200.0,47.30609712508617,100.82758620689656,2365.38
2017-03-01,102.06896551724138,0.0,95.0,100.0,100.0,200.0,40.981014136054526,102.06896551724138,2395.96
2017-03-08,87.08870967741936,0.0,65.0,99.0,100.0,177.0,33.994932520079296,87.08870967741936,2362.98
2017-03-15,80.7734375,-25.0,57.5,87.5,100.0,175.0,44.968363852363964,80.7734375,2365.45
2017-03-22,68.6826923076923,-100.0,50.0,82.0,100.0,150.0,49.65920191725972,68.6826923076923,2348.45
2017-03-29,68.28225806451613,-150.0,52.5,85.0,100.0,200.0,64.36278045426853,68.28225806451613,2358.57
2017-04-05,71.0241935483871,-150.0,52.5,85.0,100.0,200.0,64.77679900138448,71.0241935483871,2360.16
2017-04-12,82.94791666666667,-150.0,77.5,100.0,100.0,200.0,65.1669322445036,82.94791666666667,2344.93
2017-04-19,74.20454545454545,-150.0,70.0,97.0,100.0,175.0,59.9588702003505,74.20454545454545,2338.17
2017-04-26,88.09166666666667,-150.0,77.0,100.0,100.0,200.0,59.38162185296802,88.09166666666667,2387.45
2017-05-03,82.31,0.0,75.0,96.0,100.0,200.0,43.61543763393874,82.31,2388.13
2017-05-10,95.19827586206897,0.0,78.0,95.0,100.0,200.0,45.39687913236308,95.19827586206897,2399.63
2017-05-17,94.62037037037037,-100.0,82.0,100.0,100.0,200.0,57.00184249663316,94.62037037037037,2357.03
2017-05-24,97.49107142857143,0.0,83.75,100.0,100.0,200.0,43.06921765677114,97.49107142857143,2404.39
2017-05-31,95.86290322580645,0.0,74.0,95.0,100.0,200.0,48.39237471214817,95.86290322580645,2411.8
2017-06-07,92.09821428571429,0.0,78.75,89.0,100.0,200.0,40.94848349307521,92.09821428571429,2433.14
2017-06-14,93.37068965517241,0.0,85.0,95.0,100.0,200.0,37.40209176623539,93.37068965517241,2437.92
2017-06-21,92.69444444444444,-50.0,84.5,100.0,100.0,200.0,46.287563991280784,92.69444444444444,2435.61
2017-06-28,97.47,-50.0,85.0,100.0,100.0,200.0,51.63023920146022,97.47,2440.69
2017-07-05,93.35606060606061,0.0,78.0,98.0,100.0,200.0,38.93871594740497,93.35606060606061,2429.01
2017-07-12,90.99038461538461,0.0,85.0,99.0,100.0,175.0,32.99216695855702,90.99038461538461,2443.25
2017-07-19,85.81896551724138,0.0,80.0,95.0,100.0,200.0,41.819650581896475,85.81896551724138,2473.83
2017-07-26,96.39,0.0,85.0,100.0,100.0,200.0,50.264603848036046,96.39,2477.13
2017-08-02,90.94791666666667,0.0,79.0,98.0,100.0,200.0,42.98231099138019,90.94791666666667,2477.57
2017-08-09,83.81896551724138,0.0,60.0,90.0,100.0,200.0,42.602862162618685,83.81896551724138,2474.2
2017-08-16,85.19166666666666,0.0,56.25,88.0,100.0,180.0,35.51547100286797,85.19166666666666,2468.11
2017-08-23,87.9342105263158,0.0,62.5,85.0,100.0,190.0,41.20422836194178,87.9342105263158,2444.04
2017-08-30,84.08333333333333,0.0,50.0,85.0,100.0,200.0,46.305875728509086,84.08333333333333,2457.59
2017-09-06,88.65625,0.0,66.5,90.0,100.0,200.0,52.28157999497369,88.65625,2465.54
2017-09-13,97.125,0.0,71.75,98.375,100.0,200.0,45.24665670722886,97.125,2498.37
2017-09-20,102.04166666666667,40.0,77.5,95.5,100.0,200.0,42.83627178636763,102.04166666666667,2508.24
2017-09-27,106.625,85.0,93.0,97.0,105.0,170.0,25.850229689501795,106.625,2507.04
2017-10-04,109.2,80.0,88.0,100.0,115.0,175.0,29.21917178839948,109.2,2534.58
2017-10-11,95.8375,0.0,72.5,100.0,108.4375,200.0,47.697764295090394,95.8375,2550.64
2017-10-18,95.375,0.0,85.0,100.0,100.0,175.0,38.422382980352594,95.375,2561.26
2017-10-25,91.36904761904762,-100.0,66.0,100.0,100.0,200.0,64.25829662236042,91.36904761904762,2557.15
2017-11-01,83.07954545454545,-100.0,61.25,90.5,100.0,200.0,57.90526090695455,83.07954545454545,2579.36
2017-11-08,87.23,0.0,80.0,98.0,100.0,160.0,34.736286502733705,87.23,2594.38
2017-11-15,78.51,-150.0,70.0,100.0,100.0,200.0,68.59229111204844,78.51,2578.87
2017-11-22,88.36904761904762,0.0,85.0,95.0,100.0,133.75,27.3096898737011,88.36904761904762,2599.03
2017-11-29,97.33695652173913,0.0,67.5,95.0,100.0,200.0,47.380261477684584,97.33695652173913,2626.07
2017-12-06,89.83653846153847,-100.0,78.5,96.5,100.0,200.0,48.440037392978304,89.83653846153847,2629.57
2017-12-13,120.55555555555556,75.0,95.0,100.0,130.0,200.0,44.562343622567724,120.55555555555556,2662.85
2017-12-20,101.8452380952381,55.0,85.0,95.0,100.0,200.0,36.62328138259903,101.8452380952381,2679.25
2017-12-27,96.29347826086956,0.0,87.0,100.0,100.0,200.0,34.643577434597006,96.29347826086956,2682.62
2018-01-03,90.39772727272727,0.0,89.75,100.0,100.0,133.75,25.360655270394762,90.39772727272727,2713.06
2018-01-10,88.88157894736842,0.0,87.0,95.0,100.0,133.0,25.396638870684793,88.88157894736842,2748.23
2018-01-17,86.34,0.0,80.0,96.88,100.0,133.0,27.71,86.34,2802.56
2018-01-24,95.38,0.0,95.0,100.0,100.0,175.0,29.33,95.38,2837.54
2018-01-31,84.93,-100.0,74.5,98.75,100.0,200.0,53.07,84.93,2823.81
2018-02-07,75.9,0.0,53.75,82.0,100.0,200.0,44.02,75.9,2681.66
2018-02-14,65.43,-100.0,47.0,85.0,98.5,200.0,55.52,65.43,2698.63
2018-02-21,62.69,-100.0,50.0,85.0,95.5,100.0,50.17,62.69,2701.33
2018-02-28,81.0,0.0,64.0,84.5,100.0,200.0,34.54,81.0,2713.83
2018-03-07,72.05,-100.0,50.0,84.0,100.0,200.0,53.35,72.05,2726.8
2018-03-14,85.35,0.0,67.5,90.0,100.0,200.0,34.69,85.35,2749.48
2018-03-21,77.28,-50.0,50.0,90.0,100.0,200.0,50.12,77.28,2711.93
2018-03-28,49.36,-100.0,0.0,63.5,95.0,200.0,66.57,49.36,2605.0
2018-04-04,55.57,-100.0,0.0,67.0,96.0,200.0,58.83,55.57,2644.69
2018-04-11,65.12,0.0,45.0,65.0,97.0,200.0,48.61,65.12,2656.87
2018-04-18,77.64,0.0,65.0,79.0,100.0,200.0,38.98,77.64,2708.64
2018-04-25,64.2,-100.0,36.25,62.5,91.75,200.0,63.14,64.2,2639.4
2018-05-02,52.56,-100.0,36.25,68.0,91.25,200.0,68.15,52.56,2635.67
2018-05-09,69.82,0.0,50.0,62.5,96.5,200.0,39.55,69.82,2697.79
2018-05-16,85.43,-100.0,77.5,93.5,100.0,200.0,54.33,85.43,2722.46
2018-05-23,83.95,-100.0,70.0,90.0,100.0,200.0,53.99,83.95,2733.29
2018-05-30,82.24,0.0,55.0,75.0,100.0,200.0,39.76,82.24,2724.01
2018-06-06,91.67,11.0,70.0,90.0,100.0,200.0,34.51,91.67,2772.35
2018-06-13,103.93,35.0,85.0,95.25,100.0,200.0,41.63,103.93,2775.63
2018-06-20,89.2,0.0,80.0,95.25,100.0,200.0,34.5,89.2,2767.32
2018-06-27,85.06,0.0,70.0,95.13,100.0,200.0,39.0,85.06,2699.63
2018-07-04,76.38,0.0,53.75,72.0,99.5,200.0,46.74,76.38,2713.22
2018-07-11,88.56,0.0,72.5,91.0,100.0,200.0,38.47,88.56,2774.02
2018-07-18,82.01,0.0,62.5,87.5,100.0,200.0,38.82,82.01,2815.62
2018-07-25,84.96,0.0,78.75,95.0,100.0,200.0,39.16,84.96,2820.4
2018-08-01,76.36,0.0,50.0,77.5,100.0,200.0,40.45,76.36,2813.36
2018-08-08,87.68,28.0,75.0,95.0,100.0,200.0,32.78,87.6,2857.7
2018-08-15,78.27,0.0,52.5,80.0,100.0,200.0,38.94,78.27,2818.37
2018-08-22,86.46,40.0,70.0,82.5,100.0,200.0,31.73,86.46,2861.82
2018-08-29,98.3,30.0,80.0,100.0,100.0,200.0,38.53,98.3,2914.04
2018-09-05,85.01,0.0,66.25,97.5,100.0,200.0,43.57,85.01,2888.6
2018-09-12,90.19,20.0,75.0,97.0,100.0,200.0,37.62,90.19,2888.92
2018-09-19,83.92,0.0,59.75,90.0,100.0,200.0,38.02,83.92,2907.95
2018-09-26,90.73,0.0,65.0,90.0,100.0,200.0,44.58,90.73,2905.97
2018-10-03,84.49,0.0,60.25,82.5,100.0,200.0,43.37,84.49,2925.51
2018-10-10,52.86,-133.0,16.5,50.0,92.5,200.0,64.94,52.86,2785.68
2018-10-18,67.76,-5.0,50.0,70.0,100.0,200.0,45.19,67.76,2809.21
2018-10-24,51.49,-200.0,22.5,62.5,92.5,150.0,72.86,51.49,2656.1
2018-10-31,61.47,0.0,45.0,62.5,85.0,130.0,38.96,61.47,2711.74
2018-11-07,64.96,0.0,50.0,80.0,85.0,100.0,33.59,64.96,2813.89
2018-11-14,35.13,-100.0,7.0,45.0,60.0,107.0,48.37,35.13,2722.18
2018-11-21,30.55,-200.0,2.5,30.0,79.0,130.0,73.89,30.55,2641.89
2018-11-28,53.21,0.0,19.25,50.0,92.81,120.0,39.99,53.21,2743.79
2018-12-05,61.96,-100.0,27.5,75.0,100.0,200.0,61.26,61.96,2700.06
2018-12-12,55.51,0.0,2.5,49.5,94.44,200.0,50.14,55.51,2651.07
2018-12-19,31.96,-100.0,0.0,18.0,62.5,200.0,63.86,31.96,2506.96
2018-12-26,47.59,0.0,0.0,40.0,82.5,200.0,50.7,47.59,2467.7
2019-01-02,59.43,-25.0,10.0,60.0,100.0,200.0,53.3,59.43,2506.85
2019-01-09,66.8,0.0,6.0,70.0,99.5,200.0,60.63,66.8,2584.96
2019-01-16,75.51,0.0,45.0,67.5,100.0,200.0,51.01,75.51,2616.1
2019-01-23,72.84,-5.0,50.0,70.0,100.0,200.0,45.67,72.84,2638.7
2019-01-30,76.33,0.0,52.5,80.0,100.0,200.0,46.03,76.33,2681.05
2019-02-06,83.39,-8.0,60.0,92.0,100.0,200.0,42.17,83.39,2737.7
2019-02-13,82.01,-20.0,60.0,85.0,100.0,200.0,40.51,82.01,2744.73
2019-02-20,77.86,-20.0,57.5,80.0,98.5,200.0,46.58,77.86,2784.7
2019-02-27,79.33,-24.0,50.0,80.0,96.43,200.0,48.78,79.33,2792.38
2019-03-06,73.9,-30.0,52.5,83.5,98.75,200.0,51.87,73.9,2771.45
2019-03-13,77.4,-30.0,52.5,88.5,100.0,200.0,50.84,77.4,2810.92
2019-03-20,78.25,-50.0,62.0,90.0,100.0,200.0,57.44,78.25,2832.57
2019-03-27,61.69,-50.0,38.75,72.5,100.0,200.0,58.85,61.69,2805.37
2019-04-03,91.92,9.0,80.0,100.0,100.0,200.0,37.44,91.92,2867.24
2019-04-10,88.9,-30.0,65.0,100.0,100.0,200.0,44.35,88.9,2888.21
2019-04-17,93.37,40.0,82.0,100.0,100.0,200.0,29.9,93.37,2900.45
2019-04-24,92.43,-30.0,90.0,100.0,100.0,200.0,38.32,92.43,2927.25
2019-05-01,89.8,-30.0,72.5,90.0,100.0,200.0,43.11,89.8,2923.73
2019-05-08,82.02,-150.0,89.0,95.0,100.0,200.0,63.69,82.02,2879.42
2019-05-15,72.82,-100.0,64.0,87.5,100.0,200.0,54.45,72.82,2850.96
2019-05-22,70.07,-50.0,64.25,80.0,99.69,100.0,38.76,70.07,2856.27
2019-05-29,59.69,-200.0,46.5,75.0,100.0,200.0,76.66,59.69,2802.39
2019-06-05,54.99,-150.0,50.0,68.0,92.5,134.0,57.55,54.99,2826.15
2019-06-12,74.26,-30.0,52.5,81.0,99.69,150.0,36.67,74.26,2879.84
2019-06-19,74.91,0.0,64.5,77.5,99.06,100.0,25.39,74.91,2926.46
2019-06-26,72.28,-100.0,54.75,90.0,100.0,200.0,56.56,72.28,2913.78
2019-07-03,79.36,-30.0,68.75,92.5,100.0,150.0,37.46,79.36,2973.01
2019-07-10,87.34,0.0,68.75,95.0,100.0,200.0,35.63,87.34,2979.63
2019-07-17,81.85,-100.0,80.0,98.75,100.0,200.0,53.98,81.85,3004.04
2019-07-24,95.75,-20.0,90.0,100.0,100.0,200.0,37.93,95.75,3005.47
2019-07-31,91.41,0.0,85.0,100.0,100.0,200.0,41.31,91.41,2980.38
2019-08-07,56.59,-100.0,0.0,80.0,100.0,200.0,61.58,56.59,2883.98
2019-08-14,58.08,-50.0,0.0,80.0,100.0,134.0,49.29,58.08,2840.6
2019-08-21,70.18,-100.0,61.0,82.5,100.0,200.0,60.34,70.18,2900.51
2019-08-28,59.99,-100.0,37.5,70.0,100.0,200.0,66.01,59.99,2887.94
2019-09-04,56.15,-100.0,50.0,70.0,93.05,134.0,53.29,56.15,2937.78
2019-09-11,75.76,-50.0,44.5,80.0,100.0,200.0,58.2,75.76,3000.93
2019-09-18,77.09,-50.0,42.5,90.0,100.0,200.0,62.04,77.09,3006.73
2019-09-25,64.85,-50.0,31.25,75.0,97.5,200.0,53.22,64.85,2966.6
2019-10-02,57.39,-200.0,7.5,75.0,100.0,200.0,78.3,57.39,2940.25
2019-10-09,57.32,-100.0,30.0,75.0,90.0,200.0,57.1,57.32,2919.4
2019-10-16,57.08,-200.0,60.0,80.0,95.38,100.0,67.4,57.08,2989.69
2019-10-23,65.67,-15.0,50.0,75.0,100.0,125.0,38.35,65.67,3004.52
2019-10-30,88.94,-30.0,71.25,90.0,100.0,200.0,39.58,88.94,3046.77
2019-11-06,92.26,0.0,78.5,94.38,100.0,200.0,35.5,92.26,3076.78
2019-11-13,72.25,-30.0,52.5,85.0,100.0,200.0,49.68,72.25,3094.04
2019-11-20,78.23,-30.0,70.0,100.0,100.0,200.0,52.05,78.23,3108.46
2019-11-27,76.66,0.0,60.0,90.0,100.0,150.0,41.28,76.66,3140.52
2019-12-04,77.8,-30.0,36.0,99.0,100.0,200.0,56.13,77.8,3112.76
2019-12-11,78.71,-30.0,65.0,98.75,100.0,200.0,50.69,78.71,3141.63
2019-12-18,98.9,13.0,94.38,100.0,100.0,200.0,35.82,98.9,3191.14
2019-12-25,97.44,0.0,99.69,100.0,100.0,140.0,29.16,97.44,3223.38
2020-01-01,86.99,17.0,75.75,100.0,100.0,137.0,32.42,86.99,3230.78
2020-01-08,94.16,0.0,90.75,100.0,100.0,200.0,40.66,94.16,3253.05
2020-01-15,89.47,0.0,75.0,100.0,100.0,150.0,37.35,89.47,3289.29
2020-01-22,93.75,39.0,90.0,100.0,100.0,150.0,21.13,93.75,3321.75
2020-01-29,77.07,-100.0,59.0,100.0,100.0,200.0,57.93,77.07,3273.4
2020-02-05,62.49,-100.0,42.5,89.38,100.0,150.0,57.84,62.49,3334.69
2020-02-12,86.08,0.0,72.5,100.0,100.0,200.0,37.59,86.08,3379.45
2020-02-19,87.91,0.0,74.0,99.38,100.0,200.0,35.15,87.91,3363.95
2020-02-26,65.03,-100.0,20.0,75.0,100.0,200.0,69.72,65.03,3116.39
2020-03-04,29.03,-200.0,0.0,50.0,98.75,120.0,72.71,29.03,3130.12
2020-03-11,16.59,-200.0,0.0,10.0,39.0,100.0,58.88,16.59,2741.38
2020-03-18,10.65,-150.0,0.0,10.0,25.0,100.0,42.67,10.65,2398.1
2020-03-25,25.87,-32.0,0.0,15.0,50.0,100.0,34.05,25.87,2475.56
2020-04-01,23.67,-100.0,0.0,20.5,50.0,100.0,40.64,23.67,2470.5
2020-04-08,26.74,-100.0,0.0,25.0,40.0,100.0,44.54,26.74,2749.98
2020-04-15,28.71,-100.0,0.0,35.0,76.0,100.0,56.57,28.71,2783.36
2020-04-22,45.34,-100.0,0.0,50.0,80.0,200.0,57.95,45.34,2799.31
2020-04-29,78.55,-32.0,52.5,78.0,100.0,200.0,41.89,78.55,2939.51
2020-05-06,67.95,0.0,47.5,66.0,85.0,200.0,41.07,67.95,2848.42
2020-05-13,57.71,-9.0,20.0,50.0,76.0,200.0,49.3,57.71,2820.0
2020-05-20,63.22,-50.0,50.0,65.0,83.75,200.0,51.08,63.22,2971.61
2020-05-27,81.65,0.0,50.0,76.0,100.0,200.0,43.17,81.65,3036.13
2020-06-03,91.6,-20.0,80.5,100.0,105.5,150.0,36.69,91.6,3122.87
2020-06-10,77.48,-75.0,70.0,80.0,100.0,200.0,54.73,77.48,3190.14
2020-06-17,88.25,11.0,74.25,94.0,100.0,200.0,37.33,88.25,3113.49
2020-06-24,76.57,-15.0,50.0,75.0,100.0,200.0,43.91,76.57,3050.33
2020-07-01,71.47,-50.0,55.0,80.0,100.0,200.0,52.64,71.47,3115.86
2020-07-08,85.09,0.0,52.0,87.5,100.0,200.0,50.49,85.09,3169.94
2020-07-15,90.53,0.0,61.0,100.0,100.0,200.0,49.38,90.53,3226.56
2020-07-22,97.88,50.0,75.75,100.0,100.0,200.0,33.91,97.88,3276.02
2020-07-29,97.44,17.0,87.25,100.0,100.0,200.0,36.13,97.44,3218.44
2020-08-05,94.55,-5.0,87.5,100.0,100.0,200.0,49.4,94.55,3306.51
2020-08-12,101.2,50.0,87.25,100.0,100.0,200.0,29.1,101.2,3380.35
2020-08-19,100.13,0.0,83.75,100.0,100.0,200.0,42.31,100.13,3374.85
2020-08-26,106.56,50.0,90.0,100.0,100.0,200.0,38.44,106.56,3478.73
2020-09-02,94.71,50.0,76.0,100.0,100.0,200.0,35.47,94.71,3580.84
2020-09-09,53.09,-100.0,0.0,63.0,98.75,200.0,60.47,53.09,3398.96
2020-09-16,59.3,-100.0,0.0,65.0,100.0,200.0,71.73,59.3,3385.49
2020-09-23,55.3,-200.0,0.0,62.5,100.0,200.0,82.7,55.3,3236.92
2020-09-30,58.25,-100.0,0.0,65.0,100.0,200.0,62.62,58.25,3363.0
2020-10-07,73.05,-100.0,57.5,81.25,100.0,200.0,63.41,73.05,3419.45
2020-10-14,102.93,0.0,92.38,100.0,100.0,200.0,41.56,102.93,3488.67
2020-10-21,87.07,-6.0,80.0,100.0,100.0,200.0,42.48,87.07,3435.56
2020-10-28,77.87,0.0,50.0,80.0,100.0,200.0,49.64,77.87,3271.03
2020-11-04,69.2,0.0,35.0,75.0,100.0,200.0,49.7,69.2,3443.44
2020-11-11,96.3,0.0,70.0,100.0,137.5,200.0,50.26,96.3,3572.66
2020-11-18,106.41,-12.0,93.19,100.0,107.5,200.0,44.54,106.41,3567.79
2020-11-25,106.74,0.0,86.5,100.0,130.0,200.0,44.54,106.74,3635.41
2020-12-02,103.17,0.0,90.0,100.0,100.0,200.0,38.9,103.17,3669.01
2020-12-09,106.11,0.0,89.88,100.0,100.0,200.0,40.98,106.11,3672.82
2020-12-16,101.47,0.0,88.75,100.0,116.13,200.0,42.33,101.47,3701.17
2020-12-23,89.11,0.0,80.0,100.0,100.0,200.0,44.19,89.11,3690.01
2020-12-30,82.97,0.0,65.25,88.25,100.0,200.0,47.07,82.97,3732.04
2021-01-06,94.51,0.0,80.0,100.0,101.25,200.0,39.11,94.51,3748.14
2021-01-13,106.76,50.0,89.81,100.0,107.5,200.0,39.85,106.76,3809.84
2021-01-20,112.93,75.0,100.0,100.0,119.75,200.0,36.46,112.93,3851.85
2021-01-27,83.51,-50.0,70.0,89.75,100.0,200.0,53.82,83.51,3750.77
2021-02-03,79.15,0.0,50.0,89.75,100.0,200.0,50.88,79.15,3830.17
2021-02-10,110.28,80.0,100.0,100.0,100.0,200.0,29.44,110.28,3909.88
2021-02-17,108.32,0.0,89.81,100.0,122.5,200.0,44.76,108.32,3931.33
2021-02-24,84.99,0.0,62.5,87.5,100.0,200.0,48.64,84.99,3925.43
2021-03-03,65.37,-100.0,20.0,80.0,100.0,200.0,62.65,65.37,3819.72
2021-03-10,48.62,-100.0,0.0,75.0,97.5,100.0,54.1,48.62,3898.81
2021-03-17,78.55,0.0,80.0,95.0,100.0,100.0,33.98,78.55,3974.12
2021-03-24,57.52,0.0,5.0,75.0,90.0,119.75,42.24,57.52,3889.14
2021-03-31,52.02,0.0,0.0,80.0,100.0,100.0,47.49,52.02,3972.89
2021-04-07,89.85,50.0,66.0,80.0,100.0,200.0,35.16,89.95,4079.95
2021-04-14,96.57,0.0,80.0,100.0,100.0,200.0,39.59,96.57,4124.66
2021-04-21,95.6,0.0,80.25,99.0,100.0,200.0,39.06,95.6,4173.42
2021-04-28,103.72,0.0,85.375,100.0,105.0,200.0,43.65,103.72,4183.18
2021-05-05,87.79,0.0,66.375,100.0,100.0,200.0,50.0,87.79,4167.59
2021-05-12,46.86,-50.0,0.0,50.0,82.5,106.25,44.2,46.86,4063.04
2021-05-19,44.21,0.0,6.25,45.0,71.25,110.75,35.25,44.21,4115.68
2021-05-26,68.3,0.0,55.0,80.0,99.5,100.0,35.12,68.3,4195.99
2021-06-02,82.27,0.0,60.0,100.0,100.0,150.0,35.83,82.27,4208.12
2021-06-09,79.65,0.0,60.0,100.0,100.0,150.0,38.92,79.65,4219.55
2021-06-16,98.52,50.0,80.0,100.0,103.88,200.0,34.16,98.52,4223.7
2021-06-23,70.86,-50.0,57.5,80.375,100.0,130.0,42.79,70.86,4246.44
2021-06-30,91.72,0.0,80.375,100.0,100.0,200.0,38.18,91.72,4297.5
2021-07-07,82.54,0.0,52.5,87.875,100.0,200.0,42.66,82.54,4358.13
2021-07-14,93.27,25.0,76.25,90.0,100.0,200.0,37.85,93.27,4374.3
2021-07-21,71.04,0.0,50.0,77.0,100.0,200.0,48.75,71.04,4358.69
2021-07-28,78.39,-50.0,72.75,92.5,100.0,150.0,43.07,78.39,4400.64
2021-08-04,97.72,25.0,85.0,100.0,105.375,200.0,41.16,97.72,4402.66
2021-08-11,97.55,25.0,80.0,100.0,102.6875,200.0,38.54,97.55,4447.7
2021-08-18,70.57,-50.0,35.0,90.0,100.0,200.0,58.22,70.57,4400.27
2021-08-25,92.83,20.0,80.0,100.0,100.0,200.0,37.95,92.83,4486.23
2021-09-01,93.95,25.0,81.3125,100.0,100.0,200.0,39.24,93.95,4524.09
2021-09-08,84.68,20.0,45.0,100.0,100.0,200.0,43.85,84.68,4520.03
2021-09-15,87.02,0.0,60.0,100.0,100.0,200.0,47.86,87.02,4480.7
2021-09-22,77.7,0.0,52.25,82.625,100.0,200.0,47.37,77.7,4354.19
2021-09-29,55.02,-100.0,2.5,52.5,100.0,200.0,72.13,55.02,4359.46
2021-10-06,68.6,0.0,25.0,60.0,100.0,200.0,51.09,68.6,4345.72
2021-10-13,64.46,-100.0,47.5,82.5,100.0,115.25,52.37,64.46,4363.8
2021-10-20,98.02,50.0,87.5,100.0,100.0,200.0,33.46,98.02,4519.63
2021-10-27,103.35,65.0,85.0625,100.0,100.0,200.0,33.03,103.35,4551.68
2021-11-03,107.99,50.0,89.0,100.0,108.5,200.0,37.31,107.99,4630.65
2021-11-10,103.69,15.0,97.25,100.0,109.25,200.0,43.41,103.69,4646.71
2021-11-17,102.54,0.0,100.0,100.0,115.0625,200.0,47.38,102.54,4688.67
2021-11-24,103.14,0.0,97.5,100.0,112.4375,200.0,46.63,103.14,4690.7
2021-12-01,87.87,-17.0,60.0,100.0,100.0,200.0,59.91,87.87,4567.0
2021-12-08,69.46,-100.0,48.5,100.0,100.0,200.0,78.33,69.46,4701.21
2021-12-15,52.22,-100.0,11.5,50.0,100.0,200.0,61.89,52.22,4634.09
2021-12-22,67.02,0.0,21.25,66.125,100.0,200.0,51.45,67.02,4696.56
2021-12-29,85.71,0.0,61.25,100.0,100.0,150.0,38.94,85.71,4793.06
2022-01-05,89.54,0.0,78.625,100.0,100.0,200.0,42.0,89.54,4700.58
2022-01-12,74.78,-150.0,80.0,100.0,100.0,150.0,66.02,74.78,4726.35
2022-01-19,56.73,-125.0,20.0,75.0,91.25,200.0,76.22,56.73,4577.11
2022-01-26,53.39,-100.0,0.0,70.0,100.0,200.0,66.22,53.39,4349.93
2022-02-02,62.54,0.0,20.0,60.0,90.0,200.0,49.17,62.54,4589.38
2022-02-09,66.8,0.0,37.5,85.0,100.0,121.25,40.53,66.8,4587.18
2022-02-16,53.49,-200.0,30.0,65.0,80.0,200.0,72.38,53.49,4475.01
2022-02-23,44.41,-150.0,0.0,47.0,85.0,200.0,71.64,44.41,4225.5
2022-03-02,30.3,-200.0,0.0,50.0,75.0,100.0,72.26,30.3,4386.54
2022-03-09,42.58,-200.0,10.0,50.0,80.0,200.0,70.96,42.58,4170.7
2022-03-16,46.68,-100.0,0.0,50.0,85.0,200.0,60.48,46.68,4357.86
2022-03-23,52.69,-150.0,30.0,70.0,100.0,125.0,65.23,52.69,4456.24
2022-03-30,79.72,40.0,62.5,80.0,100.0,105.0,21.67,79.72,4602.45
2022-04-06,83.41,22.0,55.0,80.0,98.9375,200.0,40.35,83.41,4481.15
2022-04-13,63.29,-8.0,50.0,75.0,86.75,100.0,31.86,63.29,4446.59
2022-04-20,74.05,16.0,50.0,80.0,93.75,112.0,28.88,74.05,4459.45
2022-04-27,46.25,-100.0,5.0,50.0,73.375,200.0,69.22,46.25,4175.2
2022-05-04,31.76,-70.0,0.0,20.0,72.5,100.0,45.33,31.76,4300.17
2022-05-11,24.31,-100.0,0.0,4.0,50.0,200.0,58.81,24.31,3935.18
2022-05-18,19.51,-100.0,0.0,0.0,50.0,86.75,44.74,19.51,3923.68
2022-05-25,33.19,0.0,0.0,13.5,66.25,100.0,35.08,33.19,3978.73
2022-06-01,34.33,-200.0,0.0,50.0,85.875,100.0,74.08,34.33,4101.23
2022-06-08,50.0,0.0,0.02,50.0,93.0,100.0,43.01,50.0,4115.77
2022-06-15,32.18,-22.0,0.0,15.0,50.0,200.0,50.59,32.18,3789.99
2022-06-22,19.86,-100.0,0.0,0.0,50.0,200.0,59.84,18.86,3764.79
2022-06-29,30.66,-25.0,0.0,1.25,50.0,200.0,51.78,30.66,3818.83
2022-07-06,27.85,-100.0,0.0,10.0,65.0,200.0,62.05,27.85,3845.08
2022-07-13,26.74,-100.0,0.0,1.25,50.0,200.0,58.93,26.74,3801.78
2022-07-20,44.48,-53.0,2.1875,45.0,75.0,200.0,51.59,44.48,3959.9
2022-07-27,47.21,-7.0,4.0625,35.0,82.5,200.0,50.16,47.21,3921.05
2022-08-03,55.28,-10.0,10.0,40.0,95.0,200.0,53.21,55.28,4155.17
2022-08-10,71.59,-50.0,35.625,75.0,100.0,200.0,54.24,71.59,4210.24
2022-08-17,64.44,-50.0,35.0,50.0,100.0,200.0,54.27,64.44,4274.04
2022-08-24,54.86,-100.0,20.0,50.0,92.5,200.0,59.7,54.86,4140.77
2022-08-31,32.36,-100.0,0.0,30.0,56.25,200.0,60.43,32.36,3955.0
2022-09-07,27.33,-122.0,0.0,31.0,50.0,200.0,60.04,27.33,3979.87
2022-09-14,33.86,-122.0,0.0,40.0,77.5,200.0,70.46,33.86,3932.69
2022-09-21,29.59,-100.0,0.0,20.0,54.0,200.0,60.97,29.59,3855.93
2022-09-28,12.61,-150.0,0.0,9.625,40.0,200.0,66.88,12.61,3719.04
2022-10-05,38.11,-80.0,0.0,40.0,75.0,200.0,58.96,38.11,3783.28
2022-10-12,19.84,-100.0,0.0,5.0,47.5,200.0,59.65,19.84,3588.84
2022-10-19,43.28,-40.0,0.0,42.0,65.0,200.0,55.43,43.28,3695.16
2022-10-26,53.91,-50.0,23.75,50.0,76.25,200.0,54.08,53.91,3830.6
2022-11-02,55.22,-100.0,38.0,60.0,90.0,200.0,59.48,55.22,3759.69
2022-11-09,53.33,-100.0,42.5,52.5,86.25,200.0,54.63,53.33,3748.57
2022-11-16,64.96,-100.0,45.0,70.0,100.0,200.0,60.66,64.96,3958.79
2022-11-23,60.29,-100.0,50.0,70.0,100.0,200.0,56.55,60.29,4003.58
2022-11-30,64.36,-25.0,36.25,67.5,100.0,200.0,50.1,64.36,4080.11
2022-12-07,55.69,-0.08,0.0,60.0,85.0,200.0,50.27,55.69,3933.92
2022-12-14,71.6,-0.09,45.0,70.0,100.0,200.0,48.94,71.6,3995.32
2022-12-21,39.35,-100.0,15.75,30.625,54.5,200.0,53.8,39.35,3878.44
2022-12-28,43.48,-0.13,4.0,30.625,55.0,200.0,46.68,43.48,3783.22
2023-01-04,38.79,-50.0,0.075,30.625,71.25,200.0,53.9,38.79,3852.97
2023-01-11,45.31,-25.0,25.0,50.0,60.0,160.0,39.74,45.31,3969.61
2023-01-18,65.07,-60.0,31.25,50.0,100.0,200.0,58.85,65.07,3928.86
2023-01-25,75.23,-25.0,50.0,76.0,100.0,200.0,45.01,75.23,4016.22
2023-02-01,78.37,-25.0,50.0,90.0,100.0,200.0,44.29,78.37,4119.21
2023-02-08,85.4,0.8,69.5,94.0,100.0,200.0,44.25,85.4,4117.86
2023-02-15,81.43,-50.0,65.0,75.0,100.0,200.0,47.28,81.43,4147.6
2023-02-22,57.09,-200.0,45.3125,66.0,100.0,200.0,71.14,57.09,3991.05
2023-03-01,47.41,-175.0,23.125,50.0,75.0,200.0,69.32,47.41,3951.39
2023-03-08,60.11,-150.0,40.0,60.0,100.0,200.0,63.44,60.11,3992.01
2023-03-15,41.92,-150.0,0.0,55.0,70.0,200.0,66.69,41.92,3891.93
2023-03-22,53.21,-100.0,26.5625,56.5,91.25,200.0,57.12,53.21,3936.97
2023-03-29,65.15,-50.0,28.9375,72.5,100.0,200.0,49.69,65.15,4027.81
2023-04-05,72.89,-50.0,50.0,80.0,100.0,200.0,45.38,72.89,4090.38
2023-04-12,58.71,-150.0,44.5,70.0,95.0,200.0,64.83,58.71,4091.95
2023-04-19,78.26,0.0,50.0,75.0,100.0,200.0,39.61,78.26,4154.52
2023-04-26,50.81,-50.0,12.75,60.0,78.25,200.0,56.93,50.81,4055.99
2023-05-03,67.01,0.0,40.625,67.0,80.0,200.0,43.05,67.01,4090.75
2023-05-10,65.22,-50.0,35.625,68.0,100.0,200.0,50.84,65.22,4137.64
2023-05-17,59.0,-50.0,35.625,60.0,87.5,200.0,48.49,59.0,4158.77
2023-05-24,65.51,0.0,29.6875,65.0,88.75,200.0,52.21,65.51,4115.24
2023-05-31,53.92,-100.0,5.375,59.0,93.25,200.0,59.12,53.92,4179.83
2023-06-07,90.07,31.25,62.0,87.0,107.5,200.0,40.46,90.07,4267.52
2023-06-14,81.66,-50.0,50.0,80.0,100.0,200.0,56.21,81.66,4372.59
2023-06-21,83.6,0.0,70.5,85.0,100.0,200.0,45.51,83.6,4365.69
2023-06-28,75.93,-50.0,50.0,77.5,100.0,200.0,54.14,75.93,4378.41
2023-07-05,83.11,-50.0,63.75,85.0,100.0,200.0,50.49,83.11,4455.59
2023-07-12,93.34,0.15,72.5,100.0,100.0,200.0,44.26,93.34,4472.16
2023-07-19,99.05,0.75,75.0,100.0,110.0,200.0,44.69,99.05,4565.72
2023-07-26,101.82,31.25,80.0,100.0,100.0,200.0,36.34,101.82,4566.75
2023-08-02,78.46,-200.0,74.75,86.5,100.0,200.0,72.74,78.46,4576.73
2023-08-09,65.49,-100.0,25.625,75.0,100.0,200.0,63.43,65.49,4467.71
2023-08-16,59.87,-100.0,10.0,75.0,100.0,200.0,67.22,59.87,4404.33
2023-08-23,34.36,-200.0,0.0,55.0,76.0,200.0,79.38,34.36,4436.01
2023-08-30,61.19,-200.0,50.0,75.0,89.0,200.0,63.6,61.19,4514.87
2023-09-06,49.73,-200.0,26.5625,60.0,80.0,200.0,70.89,49.73,4496.83
2023-09-13,57.98,-200.0,50.0,73.0,88.0,200.0,64.01,57.98,4467.44
2023-09-20,54.33,-50.0,0.045,69.5,86.75,200.0,53.81,54.33,4402.2
2023-09-27,43.01,-150.0,0.0,60.0,75.0,200.0,60.53,43.01,4274.51
2023-10-04,36.21,-150.0,0.0,50.0,75.0,200.0,74.3,36.21,4263.75
2023-10-11,45.8,-200.0,0.1,60.0,81.5,200.0,70.16,45.8,4358.24
2023-10-18,66.67,-50.0,35.625,60.0,77.0,200.0,60.7,66.67,4314.6
2023-10-25,24.82,-200.0,0.0,40.0,70.0,200.0,73.54,24.82,4186.77
2023-11-01,29.17,-200.0,0.0,40.0,75.0,200.0,71.18,29.17,4237.86
2023-11-08,61.76,0.0,22.5,50.0,82.0,200.0,52.63,61.76,4382.78
2023-11-15,72.06,-200.0,60.0,78.0,100.0,200.0,70.6,72.06,4502.88
2023-11-22,77.95,-200.0,71.0,85.0,100.0,200.0,68.56,77.95,4556.62
2023-11-29,81.38,-200.0,80.0,95.0,100.0,200.0,64.95,81.38,4550.58
2023-12-06,76.09,-200.0,80.0,91.5,100.0,200.0,71.14,76.09,4549.34
2023-12-13,77.97,-200.0,77.5,95.0,100.0,200.0,69.78,77.97,4707.09
2023-12-20,97.32,1.0,81.5,100.0,100.0,200.0,49.87,97.32,4698.35
2023-12-27,102.71,0.0,85.5,100.0,100.0,200.0,48.43,102.71,4781.58
2024-01-03,70.95,-200.0,52.5,85.0,100.0,200.0,68.19,70.95,4704.81
2024-01-10,80.18,0.0,54.75,89.0,100.0,200.0,43.94,80.18,4783.45
2024-01-17,53.54,-200.0,30.0,80.0,97.5,200.0,71.66,53.54,4739.21
2024-01-24,84.13,-200.0,80.0,95.0,100.0,200.0,70.54,84.13,4868.55
2024-01-31,87.36,-200.0,80.0,98.77,100.0,200.0,67.72,87.36,4845.65
2024-02-07,93.77,0.0,80.0,95.0,100.0,200.0,40.52,93.77,4995.06
2024-02-14,95.58,-50.0,84.0,100.0,100.0,200.0,42.93,95.58,5000.62
2024-02-21,74.7,-200.0,72.25,100.0,100.0,200.0,87.34,74.7,4981.8
2024-02-28,88.99,-200.0,80.0,99.0,100.0,200.0,63.8,88.99,5069.76
2024-03-06,93.99,-50.0,85.5,100.0,100.0,200.0,43.54,93.99,5104.76
2024-03-13,104.75,0.0,80.0,100.0,100.0,200.0,45.2,104.75,5165.31
2024-03-20,93.22,-200.0,80.0,100.0,100.0,200.0,71.21,93.22,5224.62
2024-03-27,103.88,50.0,91.5,100.0,100.0,200.0,31.21,103.88,5248.49
2024-04-03,84.24,-200.0,81.25,100.0,100.0,200.0,68.21,84.24,5211.49
2024-04-10,81.92,-200.0,78.5,90.0,100.0,200.0,65.73,81.92,5160.64
2024-04-17,62.98,-200.0,41.5,80.0,100.0,200.0,71.42,62.98,5022.21
2024-04-24,59.48,-200.0,0.155,87.5,100.0,200.0,70.79,59.48,5071.63
2024-05-01,61.97,-200.0,40.0,80.0,100.0,200.0,76.0,61.97,5018.39
2024-05-08,91.55,-100.0,76.25,100.0,100.0,200.0,59.39,91.55,5187.67
2024-05-15,89.25,-200.0,80.0,100.0,100.0,200.0,71.74,89.25,5308.15
2024-05-22,94.45,-200.0,88.75,100.0,110.0,200.0,72.54,94.45,5307.01
2024-05-29,92.21,-200.0,75.0,95.0,122.65,200.0,78.96,92.21,5266.95
2024-06-05,68.65,-200.0,70.0,90.0,100.0,200.0,90.94,68.65,5354.03
2024-06-12,86.3,-50.0,62.0,95.0,100.0,200.0,56.33,86.3,5421.03
2024-06-19,85.26,-200.0,79.0,99.48,101.25,200.0,74.87,85.26,5487.03
2024-06-26,85.44,-100.0,64.75,96.98,100.0,200.0,58.35,85.44,5477.9
2024-07-03,103.66,0.0,90.0,100.0,110.0,200.0,55.2,103.66,5509.01
2024-07-10,93.84,-200.0,80.0,100.0,104.96,200.0,71.99,93.84,5633.91
2024-07-17,87.94,-200.0,80.0,100.0,100.0,200.0,71.55,87.94,5588.27
2024-07-24,76.7,-100.0,50.0,90.0,100.0,200.0,54.03,76.7,5427.13
2024-07-31,83.93,-100.0,76.0,97.0,100.0,200.0,62.38,83.93,5522.3
2024-08-07,75.33,-150.0,68.5,87.5,100.0,200.0,60.29,75.33,5199.5
2024-08-14,56.57,-200.0,0.5625,84.85,100.0,200.0,89.06,56.57,5455.21
2024-08-21,74.68,-200.0,50.0,97.0,100.0,200.0,67.78,74.68,5620.85
2024-08-28,81.34,-200.0,80.0,100.0,100.0,200.0,76.26,81.34,5592.18
2024-09-04,70.65,-200.0,64.3,85.0,100.0,200.0,70.38,70.65,5520.07
2024-09-11,71.93,-200.0,60.0,90.0,100.0,200.0,70.66,71.93,5554.13
2024-09-18,87.46,-200.0,71.25,94.5,100.0,200.0,69.36,87.46,5618.26
2024-09-25,86.64,-200.0,85.0,95.0,100.0,200.0,75.61,86.64,5722.26
2024-10-02,86.93,-100.0,75.0,96.5,100.0,200.0,56.15,86.93,5709.54
2024-10-09,90.26,-75.0,81.75,100.0,100.0,200.0,54.22,90.26,5792.04
2024-10-16,81.68,-200.0,81.25,99.0,100.0,200.0,70.32,81.68,5842.47
2024-10-23,79.13,-200.0,75.0,92.0,100.0,200.0,75.64,79.13,5797.42
2024-10-30,82.53,-100.0,76.25,95.0,100.0,200.0,60.95,82.53,5813.67
2024-11-06,88.31,-100.0,72.5,95.0,100.0,200.0,56.27,88.31,5929.04
2024-11-13,91.6,-100.0,87.5,100.0,102.5,200.0,66.66,91.6,5985.38
2024-11-20,91.33,-67.0,83.75,100.0,100.0,200.0,55.21,91.33,5917.11
2024-11-27,98.93,0.0,91.5,100.0,111.25,200.0,44.97,98.93,5998.74
2024-12-04,85.49,-100.0,82.75,97.0,100.0,200.0,65.58,85.49,6086.49
2024-12-11,99.24,-75.0,89.5,100.0,100.0,200.0,50.55,99.24,6084.19
2024-12-18,82.5,-100.0,60.0,100.0,100.0,200.0,55.02,82.5,5872.16
2024-12-25,80.39,-200.0,75.0,95.0,100.0,200.0,72.16,80.39,6040.04
2025-01-01,64.1,-200.0,61.5,93.0,100.0,200.0,90.01,64.1,5881.63
2025-01-08,65.38,-100.0,20.0,80.0,100.0,200.0,55.05,65.38,5918.25
2025-01-15,70.21,-100.0,37.25,92.0,100.0,200.0,58.09,70.21,5949.91
2025-01-22,86.08,0.0,82.25,95.0,100.0,200.0,45.88,86.08,6092.08
2025-01-29,68.28,-200.0,25.375,95.0,100.0,200.0,65.86,68.28,6039.31
2025-02-05,84.91,-50.0,76.25,95.0,100.0,200.0,54.2,84.91,6061.48
2025-02-12,75.62,-100.0,56.25,92.0,100.0,200.0,52.44,75.62,6051.97
2025-02-19,91.48,-50.0,90.0,100.0,100.0,200.0,49.61,91.48,6144.15
2025-02-26,87.87,0.0,58.25,95.0,100.0,200.0,51.43,87.87,5956.06
2025-03-05,74.96,-200.0,50.0,90.0,100.0,200.0,69.74,74.96,5842.63
2025-03-12,68.8,-200.0,34.375,88.0,100.0,200.0,70.47,68.8,5599.3
2025-03-19,64.64,-66.0,0.45,80.0,100.0,200.0,53.55,64.64,5675.29
2025-03-26,57.55,-100.0,0.0,80.0,100.0,143.61,54.17,57.55,5712.2
2025-04-02,49.37,-200.0,0.75,60.0,99.0,200.0,83.68,49.37,5670.97
2025-04-09,56.96,0.0,0.0,40.0,94.0,200.0,60.04,56.96,5456.9
2025-04-16,35.16,-200.0,0.0,50.0,80.0,200.0,65.53,35.16,5275.7
2025-04-23,40.67,-100.0,0.0,50.0,85.0,107.16,50.87,40.67,5375.86
2025-04-30,59.92,-200.0,50.0,66.0,100.0,200.0,77.24,59.92,5569.06
2025-05-07,81.06,-50.0,50.0,87.5,100.0,200.0,51.46,81.06,5631.28
2025-05-14,70.56,-200.0,60.0,85.0,100.0,200.0,65.03,70.56,5892.58
2025-05-21,80.87,-100.0,66.25,93.0,100.0,200.0,60.35,80.87,5844.61
2025-05-28,88.41,-75.0,75.0,98.5,100.0,200.0,53.2,88.41,5888.55
2025-06-04,81.62,-200.0,75.0,100.0,100.0,200.0,67.68,81.62,5970.81
2025-06-11,82.66,-200.0,76.25,100.0,100.0,200.0,73.68,82.66,6022.24
2025-06-18,94.09,-75.0,85.0,100.0,100.0,200.0,52.15,94.09,5980.87
2025-06-25,81.41,-200.0,83.5,99.0,100.0,200.0,72.73,81.41,6092.16
2025-07-02,99.3,-40.0,86.25,100.0,100.0,200.0,54.77,99.3,6227.42
2025-07-09,86.28,-200.0,88.75,100.0,100.0,200.0,69.71,86.28,6263.26
2025-07-16,83.69,-125.0,90.0,98.0,100.0,200.0,57.22,83.69,6263.7
2025-07-23,81.07,-200.0,85.5,98.0,100.0,200.0,64.98,81.07,6358.91
2025-07-30,76.85,-200.0,81.25,99.0,100.0,200.0,64.89,76.85,6362.9
2025-08-06,96.26,0.0,90.0,100.0,100.0,200.0,35.96,96.26,6345.06
2025-08-13,85.66,-200.0,90.0,100.0,100.0,200.0,69.55,85.66,6466.58
2025-08-20,98.15,0.0,86.0,100.0,100.0,200.0,44.79,98.15,6395.78
2025-08-27,92.94,0.0,90.0,100.0,100.0,200.0,44.7,92.94,6481.4
2025-09-03,81.58,-200.0,85.0,100.0,100.0,200.0,63.56,81.58,6448.26
2025-09-10,86.11,-200.0,90.0,100.0,100.0,200.0,71.06,86.11,6532.04
2025-09-17,84.76,-200.0,90.0,100.0,100.0,200.0,71.96,84.76,6600.35
2025-09-24,86.24,-100.0,80.0,100.0,100.0,200.0,66.77,86.24,6637.97
2025-10-01,80.66,-200.0,81.5,100.0,100.0,200.0,71.13,80.66,6711.2
2025-10-08,84.57,-200.0,86.5,100.0,100.0,200.0,69.27,84.57,6753.72
2025-10-15,84.87,-100.0,77.5,100.0,100.0,200.0,50.98,84.87,6671.06
2025-10-22,90.35,-100.0,83.75,100.0,100.0,200.0,52.1,90.35,6699.4
2025-10-29,100.83,-100.0,96.0,100.0,110.0,200.0,55.36,100.83,6890.59
2025-11-05,90.06,0.0,77.5,100.0,100.0,200.0,40.86,90.06,6796.29
2025-11-12,87.87,0.0,68.25,100.0,100.0,200.0,39.42,87.87,6850.92
2025-11-19,86.56,-100.0,76.25,100.0,100.0,200.0,51.59,86.56,6642.16
2025-11-26,89.92,0.0,80.0,100.0,100.0,200.0,50.29,89.92,6812.61
2025-12-03,98.57,0.0,88.0,100.0,100.0,200.0,47.59,98.57,6849.72
2025-12-10,97.13,-50.0,87.25,100.0,100.0,200.0,45.89,97.13,6886.68
2025-12-17,100.7,0.0,87.25,100.0,100.0,200.0,46.38,100.7,6721.43
2025-12-24,95.08,0.0,97.0,100.0,100.0,200.0,49.27,95.08,6932.05
2025-12-31,92.93,0.0,81.25,100.0,100.0,200.0,48.97,92.93,6845.5
2026-01-07,97.72,0.0,85.25,100.0,100.0,200.0,50.86,97.72,6920.93
2026-01-14,96.01,0.0,95.0,100.0,102.5,200.0,50.37,96.01,6926.6
2026-01-21,88.46,-200.0,90.0,100.0,100.0,200.0,60.31,88.46,6875.62
2026-01-28,92.58,0.0,80.0,100.0,100.0,200.0,46.41,92.58,6978.03
2026-02-04,84.93,-200.0,80.0,99.0,100.0,200.0,64.57,84.93,6882.72
2026-02-11,80.61,-200.0,80.0,100.0,100.0,200.0,63.52,80.61,6941.47
2026-02-18,82.87,0.0,77.5,98.0,100.0,200.0,47.62,82.87,6881.31
2026-02-25,74.93,-200.0,50.0,98.0,100.0,200.0,64.84,74.93,6946.13
2026-03-04,79.29,0.0,45.0,98.0,100.0,200.0,49.98,79.29,6869.5
2026-03-11,66.99,-200.0,50.0,88.0,100.0,200.0,62.78,66.99,6775.8
2026-03-18,60.24,-200.0,0.7875,90.0,100.0,200.0,68.13,60.24,6624.7
